name,source_url,version_or_commit,license_spdx,access_date,sha256,local_path
participants.tsv,https://s3.amazonaws.com/openneuro.org/ds001734/participants.tsv,ds001734,CC0-1.0,2026-06-08,d127d700f9a519338da295ea56455bf7bb46ca572f726da72ef7b57c310687b8,data/raw/ds001734/participants.tsv
sub-001_task-MGT_run-01_events.tsv,https://s3.amazonaws.com/openneuro.org/ds001734/sub-001/func/sub-001_task-MGT_run-01_events.tsv,ds001734,CC0-1.0,2026-06-08,8f4461b0dcdc1d8e8d9ae1975a99d0476d95e8083432cf586f2508ebe8f8be53,data/raw/ds001734/sub-001_task-MGT_run-01_events.tsv
sub-001_task-MGT_run-02_events.tsv,https://s3.amazonaws.com/openneuro.org/ds001734/sub-001/func/sub-001_task-MGT_run-02_events.tsv,ds001734,CC0-1.0,2026-06-08,116b26af62099fc9d1aced94488673490d245f62402e4c3ee86b8233b632e9ca,data/raw/ds001734/sub-001_task-MGT_run-02_events.tsv
sub-001_task-MGT_run-03_events.tsv,https://s3.amazonaws.com/openneuro.org/ds001734/sub-001/func/sub-001_task-MGT_run-03_events.tsv,ds001734,CC0-1.0,2026-06-08,a8e8d5ecc78e7cd1e083bb56206ca14d98683e085106f6f8d53c65ba7b049f23,data/raw/ds001734/sub-001_task-MGT_run-03_events.tsv
sub-001_task-MGT_run-04_events.tsv,https://s3.amazonaws.com/openneuro.org/ds001734/sub-001/func/sub-001_task-MGT_run-04_events.tsv,ds001734,CC0-1.0,2026-06-08,b67c830559e375a6867c745c343c95b8f11c8742829bb23afb3280d0d28855f9,data/raw/ds001734/sub-001_task-MGT_run-04_events.tsv
sub-002_task-MGT_run-01_events.tsv,https://s3.amazonaws.com/openneuro.org/ds001734/sub-002/func/sub-002_task-MGT_run-01_events.tsv,ds001734,CC0-1.0,2026-06-08,fb51fc4490757a3f8db6579a19938ca36a490174694a4f8d9c308d9b0e982d91,data/raw/ds001734/sub-002_task-MGT_run-01_events.tsv
sub-002_task-MGT_run-02_events.tsv,https://s3.amazonaws.com/openneuro.org/ds001734/sub-002/func/sub-002_task-MGT_run-02_events.tsv,ds001734,CC0-1.0,2026-06-08,38c55e12b4ec0fc58524d6f8a609d094e9da939e44de3fcc443ee828e0edba81,data/raw/ds001734/sub-002_task-MGT_run-02_events.tsv
sub-002_task-MGT_run-03_events.tsv,https://s3.amazonaws.com/openneuro.org/ds001734/sub-002/func/sub-002_task-MGT_run-03_events.tsv,ds001734,CC0-1.0,2026-06-08,e93bc33f5cc32aa99f2c43ff2cd067ea1f7741ba444c884032bbc8b0263f5a7e,data/raw/ds001734/sub-002_task-MGT_run-03_events.tsv
sub-002_task-MGT_run-04_events.tsv,https://s3.amazonaws.com/openneuro.org/ds001734/sub-002/func/sub-002_task-MGT_run-04_events.tsv,ds001734,CC0-1.0,2026-06-08,2aced8da8b7b64589800dd20ec613f34fc385eef236e9bb705c5f631dee216f9,data/raw/ds001734/sub-002_task-MGT_run-04_events.tsv
sub-003_task-MGT_run-01_events.tsv,https://s3.amazonaws.com/openneuro.org/ds001734/sub-003/func/sub-003_task-MGT_run-01_events.tsv,ds001734,CC0-1.0,2026-06-08,ae707b75d0e342e4921f8670d5c0349f1583e000a402819a4ad5f7bf6f8ce1b5,data/raw/ds001734/sub-003_task-MGT_run-01_events.tsv
sub-003_task-MGT_run-02_events.tsv,https://s3.amazonaws.com/openneuro.org/ds001734/sub-003/func/sub-003_task-MGT_run-02_events.tsv,ds001734,CC0-1.0,2026-06-08,8c5ffd510bd392a74792346193db9ccbab23573b1136d47ea17727229da21559,data/raw/ds001734/sub-003_task-MGT_run-02_events.tsv
sub-003_task-MGT_run-03_events.tsv,https://s3.amazonaws.com/openneuro.org/ds001734/sub-003/func/sub-003_task-MGT_run-03_events.tsv,ds001734,CC0-1.0,2026-06-08,9cdc43ee9d1246fdd1043fabab7663e7d42f0589eec464428cf42ff1894edec1,data/raw/ds001734/sub-003_task-MGT_run-03_events.tsv
sub-003_task-MGT_run-04_events.tsv,https://s3.amazonaws.com/openneuro.org/ds001734/sub-003/func/sub-003_task-MGT_run-04_events.tsv,ds001734,CC0-1.0,2026-06-08,9984367f2cfeacdbd8800da82700e0168d214d843fbf65b8ebb33277e511d351,data/raw/ds001734/sub-003_task-MGT_run-04_events.tsv
sub-004_task-MGT_run-01_events.tsv,https://s3.amazonaws.com/openneuro.org/ds001734/sub-004/func/sub-004_task-MGT_run-01_events.tsv,ds001734,CC0-1.0,2026-06-08,a022ca286e8c081f6cbc5c5679636d5b505083e84d49c5b64821491f7657ab50,data/raw/ds001734/sub-004_task-MGT_run-01_events.tsv
sub-004_task-MGT_run-02_events.tsv,https://s3.amazonaws.com/openneuro.org/ds001734/sub-004/func/sub-004_task-MGT_run-02_events.tsv,ds001734,CC0-1.0,2026-06-08,54a4c524aa543458fb831031d384ee8aab2df25535d9bd5e5da5c92b2159ce88,data/raw/ds001734/sub-004_task-MGT_run-02_events.tsv
sub-004_task-MGT_run-03_events.tsv,https://s3.amazonaws.com/openneuro.org/ds001734/sub-004/func/sub-004_task-MGT_run-03_events.tsv,ds001734,CC0-1.0,2026-06-08,52d49f4c94b0e7570882d3697c2e00c34017466a8f5364a5819decd842b01049,data/raw/ds001734/sub-004_task-MGT_run-03_events.tsv
sub-004_task-MGT_run-04_events.tsv,https://s3.amazonaws.com/openneuro.org/ds001734/sub-004/func/sub-004_task-MGT_run-04_events.tsv,ds001734,CC0-1.0,2026-06-08,5c429f12e2cbe45ab4fb598ef673c003b61250753b765d9a6214db12254e6ac8,data/raw/ds001734/sub-004_task-MGT_run-04_events.tsv
sub-005_task-MGT_run-01_events.tsv,https://s3.amazonaws.com/openneuro.org/ds001734/sub-005/func/sub-005_task-MGT_run-01_events.tsv,ds001734,CC0-1.0,2026-06-08,39a18dd6a21d420f52444e326882eae17b725bdfade7aec173ecb7bb63cffd8e,data/raw/ds001734/sub-005_task-MGT_run-01_events.tsv
sub-005_task-MGT_run-02_events.tsv,https://s3.amazonaws.com/openneuro.org/ds001734/sub-005/func/sub-005_task-MGT_run-02_events.tsv,ds001734,CC0-1.0,2026-06-08,47b81587a49b1e8dadff82a3a5cc3d63021a138404d2072bf1dcc3820dedde0c,data/raw/ds001734/sub-005_task-MGT_run-02_events.tsv
sub-005_task-MGT_run-03_events.tsv,https://s3.amazonaws.com/openneuro.org/ds001734/sub-005/func/sub-005_task-MGT_run-03_events.tsv,ds001734,CC0-1.0,2026-06-08,078717fefaaa3e800fee68bf1ade25bbfb5663fec0ce1d754be4e1ccd0031299,data/raw/ds001734/sub-005_task-MGT_run-03_events.tsv
sub-005_task-MGT_run-04_events.tsv,https://s3.amazonaws.com/openneuro.org/ds001734/sub-005/func/sub-005_task-MGT_run-04_events.tsv,ds001734,CC0-1.0,2026-06-08,d22d6a1ee442c851f5002480551b0e54b5625aa83fc01b1dcbe21a2a48d56139,data/raw/ds001734/sub-005_task-MGT_run-04_events.tsv
sub-006_task-MGT_run-01_events.tsv,https://s3.amazonaws.com/openneuro.org/ds001734/sub-006/func/sub-006_task-MGT_run-01_events.tsv,ds001734,CC0-1.0,2026-06-08,5d5bc407e3c2623b96493ffbf7ab03daf93ec487a614925849525ab4cdaeffee,data/raw/ds001734/sub-006_task-MGT_run-01_events.tsv
sub-006_task-MGT_run-02_events.tsv,https://s3.amazonaws.com/openneuro.org/ds001734/sub-006/func/sub-006_task-MGT_run-02_events.tsv,ds001734,CC0-1.0,2026-06-08,8dfe5834fb6ca975d890cfe4b3399938a697b01b32629080cd3ea02701db3afb,data/raw/ds001734/sub-006_task-MGT_run-02_events.tsv
sub-006_task-MGT_run-03_events.tsv,https://s3.amazonaws.com/openneuro.org/ds001734/sub-006/func/sub-006_task-MGT_run-03_events.tsv,ds001734,CC0-1.0,2026-06-08,96260678c9fb581b4573d9148d67f400043b036c626e957c1133bc0f314a0d58,data/raw/ds001734/sub-006_task-MGT_run-03_events.tsv
sub-006_task-MGT_run-04_events.tsv,https://s3.amazonaws.com/openneuro.org/ds001734/sub-006/func/sub-006_task-MGT_run-04_events.tsv,ds001734,CC0-1.0,2026-06-08,e11b489481c6306ff407222403be163a11ea9143d412bc79fee2b9d4df9bc6ff,data/raw/ds001734/sub-006_task-MGT_run-04_events.tsv
sub-008_task-MGT_run-01_events.tsv,https://s3.amazonaws.com/openneuro.org/ds001734/sub-008/func/sub-008_task-MGT_run-01_events.tsv,ds001734,CC0-1.0,2026-06-08,cf3191aaae6de5df717ee593dd6101237c34f84c143887975184b75316deff89,data/raw/ds001734/sub-008_task-MGT_run-01_events.tsv
sub-008_task-MGT_run-02_events.tsv,https://s3.amazonaws.com/openneuro.org/ds001734/sub-008/func/sub-008_task-MGT_run-02_events.tsv,ds001734,CC0-1.0,2026-06-08,e79d040cce440ea7195c166ba9a9dc69ce7fd306c92532f216c4876597ff80b3,data/raw/ds001734/sub-008_task-MGT_run-02_events.tsv
sub-008_task-MGT_run-03_events.tsv,https://s3.amazonaws.com/openneuro.org/ds001734/sub-008/func/sub-008_task-MGT_run-03_events.tsv,ds001734,CC0-1.0,2026-06-08,7b20bcaa2ae948b125bdc0f9a58ea24d8a000a798eb5099a4f9e309557d49eab,data/raw/ds001734/sub-008_task-MGT_run-03_events.tsv
sub-008_task-MGT_run-04_events.tsv,https://s3.amazonaws.com/openneuro.org/ds001734/sub-008/func/sub-008_task-MGT_run-04_events.tsv,ds001734,CC0-1.0,2026-06-08,bca5a29298210c3838e33d096c408b20befd2b7d9528100249ae7fd957e9493d,data/raw/ds001734/sub-008_task-MGT_run-04_events.tsv
sub-009_task-MGT_run-01_events.tsv,https://s3.amazonaws.com/openneuro.org/ds001734/sub-009/func/sub-009_task-MGT_run-01_events.tsv,ds001734,CC0-1.0,2026-06-08,0d717656d9cff34c1ff1325ed5bde2e446255934a09a277923a3a045de92f8a2,data/raw/ds001734/sub-009_task-MGT_run-01_events.tsv
sub-009_task-MGT_run-02_events.tsv,https://s3.amazonaws.com/openneuro.org/ds001734/sub-009/func/sub-009_task-MGT_run-02_events.tsv,ds001734,CC0-1.0,2026-06-08,859d0005aa554beae71038f2c078427b6b3b7b51b65da396ea1c272f9d9cf1d7,data/raw/ds001734/sub-009_task-MGT_run-02_events.tsv
sub-009_task-MGT_run-03_events.tsv,https://s3.amazonaws.com/openneuro.org/ds001734/sub-009/func/sub-009_task-MGT_run-03_events.tsv,ds001734,CC0-1.0,2026-06-08,34d8cb11453abf4d18bc08c062de457aa656903febda3356bcba2299112bf383,data/raw/ds001734/sub-009_task-MGT_run-03_events.tsv
sub-009_task-MGT_run-04_events.tsv,https://s3.amazonaws.com/openneuro.org/ds001734/sub-009/func/sub-009_task-MGT_run-04_events.tsv,ds001734,CC0-1.0,2026-06-08,091a699d25b1ee8c6b1d2fda8586304d0793ed10c7ca37002224c4d7a418ec91,data/raw/ds001734/sub-009_task-MGT_run-04_events.tsv
sub-010_task-MGT_run-01_events.tsv,https://s3.amazonaws.com/openneuro.org/ds001734/sub-010/func/sub-010_task-MGT_run-01_events.tsv,ds001734,CC0-1.0,2026-06-08,910c914e28c2d9cd9142eef429b869daf0b011db25a698bab713562d179f2d3f,data/raw/ds001734/sub-010_task-MGT_run-01_events.tsv
sub-010_task-MGT_run-02_events.tsv,https://s3.amazonaws.com/openneuro.org/ds001734/sub-010/func/sub-010_task-MGT_run-02_events.tsv,ds001734,CC0-1.0,2026-06-08,3a5bda5065fca1d9aea58d8cb032af006aee5a34f639a0729184e2a54de2d733,data/raw/ds001734/sub-010_task-MGT_run-02_events.tsv
sub-010_task-MGT_run-03_events.tsv,https://s3.amazonaws.com/openneuro.org/ds001734/sub-010/func/sub-010_task-MGT_run-03_events.tsv,ds001734,CC0-1.0,2026-06-08,f7e7b11f818a63f19d4889f2cf02ef9859274f8e70880dedd69d4c4e7580841e,data/raw/ds001734/sub-010_task-MGT_run-03_events.tsv
sub-010_task-MGT_run-04_events.tsv,https://s3.amazonaws.com/openneuro.org/ds001734/sub-010/func/sub-010_task-MGT_run-04_events.tsv,ds001734,CC0-1.0,2026-06-08,1b65d0f375815648fc6bd58155fc19474a6617fe779569c7a0505efacb5bc6da,data/raw/ds001734/sub-010_task-MGT_run-04_events.tsv
sub-011_task-MGT_run-01_events.tsv,https://s3.amazonaws.com/openneuro.org/ds001734/sub-011/func/sub-011_task-MGT_run-01_events.tsv,ds001734,CC0-1.0,2026-06-08,dbb571003374fceec39db5f84dc03d8e2343bf6e634bfda53a58b88f84f4159a,data/raw/ds001734/sub-011_task-MGT_run-01_events.tsv
sub-011_task-MGT_run-02_events.tsv,https://s3.amazonaws.com/openneuro.org/ds001734/sub-011/func/sub-011_task-MGT_run-02_events.tsv,ds001734,CC0-1.0,2026-06-08,4a79b9e6fadac1a366f8a5bed0bf445289d7f02f5c4c4ffdcf6d1ef8ddc7aef6,data/raw/ds001734/sub-011_task-MGT_run-02_events.tsv
sub-011_task-MGT_run-03_events.tsv,https://s3.amazonaws.com/openneuro.org/ds001734/sub-011/func/sub-011_task-MGT_run-03_events.tsv,ds001734,CC0-1.0,2026-06-08,dddbaa9693dd0a6c0ed5583d2d8b44ea0c474309f5165f82273bf4177ada6039,data/raw/ds001734/sub-011_task-MGT_run-03_events.tsv
sub-011_task-MGT_run-04_events.tsv,https://s3.amazonaws.com/openneuro.org/ds001734/sub-011/func/sub-011_task-MGT_run-04_events.tsv,ds001734,CC0-1.0,2026-06-08,413d0c42a5507b0463fa4c25bc097ccce2a3dd804e9846d4087e0d1e19448d01,data/raw/ds001734/sub-011_task-MGT_run-04_events.tsv
sub-013_task-MGT_run-01_events.tsv,https://s3.amazonaws.com/openneuro.org/ds001734/sub-013/func/sub-013_task-MGT_run-01_events.tsv,ds001734,CC0-1.0,2026-06-08,c8b84e052b12baf0573263bfa3b52fc9752ccbc3dc12b17dc4633e8db258b510,data/raw/ds001734/sub-013_task-MGT_run-01_events.tsv
sub-013_task-MGT_run-02_events.tsv,https://s3.amazonaws.com/openneuro.org/ds001734/sub-013/func/sub-013_task-MGT_run-02_events.tsv,ds001734,CC0-1.0,2026-06-08,f3048bad03366211354ca348368dbb321bb1c3106ab15f0b9e26769981107c3f,data/raw/ds001734/sub-013_task-MGT_run-02_events.tsv
sub-013_task-MGT_run-03_events.tsv,https://s3.amazonaws.com/openneuro.org/ds001734/sub-013/func/sub-013_task-MGT_run-03_events.tsv,ds001734,CC0-1.0,2026-06-08,c1706c5369f32628ad9ce205ef001f1e09ed5fce1a7422af5fc6f1079f727b0f,data/raw/ds001734/sub-013_task-MGT_run-03_events.tsv
sub-013_task-MGT_run-04_events.tsv,https://s3.amazonaws.com/openneuro.org/ds001734/sub-013/func/sub-013_task-MGT_run-04_events.tsv,ds001734,CC0-1.0,2026-06-08,ddbc4de47cff40c678ab4c2bd68698f9ef4759c44c231eedb4121f5267bc6c93,data/raw/ds001734/sub-013_task-MGT_run-04_events.tsv
sub-014_task-MGT_run-01_events.tsv,https://s3.amazonaws.com/openneuro.org/ds001734/sub-014/func/sub-014_task-MGT_run-01_events.tsv,ds001734,CC0-1.0,2026-06-08,bdc0a97176403bbeb2c0c79cfaa5873c2b6ff8d1d1ccfad3aba9197029c943c1,data/raw/ds001734/sub-014_task-MGT_run-01_events.tsv
sub-014_task-MGT_run-02_events.tsv,https://s3.amazonaws.com/openneuro.org/ds001734/sub-014/func/sub-014_task-MGT_run-02_events.tsv,ds001734,CC0-1.0,2026-06-08,4ee39e56beccafe8f22330ed734b6652669518c508c25cb160e3afec4e1e7d5f,data/raw/ds001734/sub-014_task-MGT_run-02_events.tsv
sub-014_task-MGT_run-03_events.tsv,https://s3.amazonaws.com/openneuro.org/ds001734/sub-014/func/sub-014_task-MGT_run-03_events.tsv,ds001734,CC0-1.0,2026-06-08,810e7277746503db793965c4a57dd5bf02fc6b64706ba9063c55ca098348770b,data/raw/ds001734/sub-014_task-MGT_run-03_events.tsv
sub-014_task-MGT_run-04_events.tsv,https://s3.amazonaws.com/openneuro.org/ds001734/sub-014/func/sub-014_task-MGT_run-04_events.tsv,ds001734,CC0-1.0,2026-06-08,450bc724b1f4618ff861ebe9156118b5e3802ca9a8dc32b2f20b2e538a90d34e,data/raw/ds001734/sub-014_task-MGT_run-04_events.tsv
sub-015_task-MGT_run-01_events.tsv,https://s3.amazonaws.com/openneuro.org/ds001734/sub-015/func/sub-015_task-MGT_run-01_events.tsv,ds001734,CC0-1.0,2026-06-08,afdbcde4daac6becfa929d9e684291fa167c7933617bf105405b5aa95c85a7d5,data/raw/ds001734/sub-015_task-MGT_run-01_events.tsv
sub-015_task-MGT_run-02_events.tsv,https://s3.amazonaws.com/openneuro.org/ds001734/sub-015/func/sub-015_task-MGT_run-02_events.tsv,ds001734,CC0-1.0,2026-06-08,e23f4a70f1a5b0714ad912f4d200c9c6b8ca33c4302266b7372618a1213bd659,data/raw/ds001734/sub-015_task-MGT_run-02_events.tsv
sub-015_task-MGT_run-03_events.tsv,https://s3.amazonaws.com/openneuro.org/ds001734/sub-015/func/sub-015_task-MGT_run-03_events.tsv,ds001734,CC0-1.0,2026-06-08,a3a2db6ce8ef6c2bffcf899e56d4a0f6949b3ded9b401f57c7fa630c4391d53b,data/raw/ds001734/sub-015_task-MGT_run-03_events.tsv
sub-015_task-MGT_run-04_events.tsv,https://s3.amazonaws.com/openneuro.org/ds001734/sub-015/func/sub-015_task-MGT_run-04_events.tsv,ds001734,CC0-1.0,2026-06-08,9cf90c16c1085ef8125131c5cc3591543551d94d30913b6a94c8c42fda71cd54,data/raw/ds001734/sub-015_task-MGT_run-04_events.tsv
sub-016_task-MGT_run-01_events.tsv,https://s3.amazonaws.com/openneuro.org/ds001734/sub-016/func/sub-016_task-MGT_run-01_events.tsv,ds001734,CC0-1.0,2026-06-08,ea4c1edeef83b9cc235bae24155d7c4b3dc35a4dbefc8fa566fdf86109e42aee,data/raw/ds001734/sub-016_task-MGT_run-01_events.tsv
sub-016_task-MGT_run-02_events.tsv,https://s3.amazonaws.com/openneuro.org/ds001734/sub-016/func/sub-016_task-MGT_run-02_events.tsv,ds001734,CC0-1.0,2026-06-08,fbfd5106ae8582bdb77c137a69b5d8152dbee241721361b6d89ee191dd87502f,data/raw/ds001734/sub-016_task-MGT_run-02_events.tsv
sub-016_task-MGT_run-03_events.tsv,https://s3.amazonaws.com/openneuro.org/ds001734/sub-016/func/sub-016_task-MGT_run-03_events.tsv,ds001734,CC0-1.0,2026-06-08,8502c31c121fdbd56b0659042e709884be7c44b69e4112c9f057bf672a7b785c,data/raw/ds001734/sub-016_task-MGT_run-03_events.tsv
sub-016_task-MGT_run-04_events.tsv,https://s3.amazonaws.com/openneuro.org/ds001734/sub-016/func/sub-016_task-MGT_run-04_events.tsv,ds001734,CC0-1.0,2026-06-08,dd387211e3a3523698ecf785005bbe0888cdf203052656b4f6522e92615173b9,data/raw/ds001734/sub-016_task-MGT_run-04_events.tsv
sub-017_task-MGT_run-01_events.tsv,https://s3.amazonaws.com/openneuro.org/ds001734/sub-017/func/sub-017_task-MGT_run-01_events.tsv,ds001734,CC0-1.0,2026-06-08,f391ad75f24eb366a6089842e21ce952169b87c0dbc78caeaf37e68ba3a1037a,data/raw/ds001734/sub-017_task-MGT_run-01_events.tsv
sub-017_task-MGT_run-02_events.tsv,https://s3.amazonaws.com/openneuro.org/ds001734/sub-017/func/sub-017_task-MGT_run-02_events.tsv,ds001734,CC0-1.0,2026-06-08,31e86ecffcc8b964f756fc6b8b0e7fbfd7c8685b818c563d83e0f55283d1bd8c,data/raw/ds001734/sub-017_task-MGT_run-02_events.tsv
sub-017_task-MGT_run-03_events.tsv,https://s3.amazonaws.com/openneuro.org/ds001734/sub-017/func/sub-017_task-MGT_run-03_events.tsv,ds001734,CC0-1.0,2026-06-08,65bbc57904f4ca5401d8e33551982347853d1873ca2264959b1352c8e85e026b,data/raw/ds001734/sub-017_task-MGT_run-03_events.tsv
sub-017_task-MGT_run-04_events.tsv,https://s3.amazonaws.com/openneuro.org/ds001734/sub-017/func/sub-017_task-MGT_run-04_events.tsv,ds001734,CC0-1.0,2026-06-08,8e9c8f78c80fad6397a3897de51041931a5aa75a1ccd252d28963483de4e0610,data/raw/ds001734/sub-017_task-MGT_run-04_events.tsv
sub-018_task-MGT_run-01_events.tsv,https://s3.amazonaws.com/openneuro.org/ds001734/sub-018/func/sub-018_task-MGT_run-01_events.tsv,ds001734,CC0-1.0,2026-06-08,957ffc45a1cc5c7781acc38c28f91e7385103457b4ae4577daa9440c77cb4d1f,data/raw/ds001734/sub-018_task-MGT_run-01_events.tsv
sub-018_task-MGT_run-02_events.tsv,https://s3.amazonaws.com/openneuro.org/ds001734/sub-018/func/sub-018_task-MGT_run-02_events.tsv,ds001734,CC0-1.0,2026-06-08,c5fead2e68631da32212c68dccbeca8902b4171d108eda09a2382a7f4dec3c93,data/raw/ds001734/sub-018_task-MGT_run-02_events.tsv
sub-018_task-MGT_run-03_events.tsv,https://s3.amazonaws.com/openneuro.org/ds001734/sub-018/func/sub-018_task-MGT_run-03_events.tsv,ds001734,CC0-1.0,2026-06-08,dfe0a87bd976b93ce0255873b0b1c7e6586e1083a6f03c82259486ea97ad1011,data/raw/ds001734/sub-018_task-MGT_run-03_events.tsv
sub-018_task-MGT_run-04_events.tsv,https://s3.amazonaws.com/openneuro.org/ds001734/sub-018/func/sub-018_task-MGT_run-04_events.tsv,ds001734,CC0-1.0,2026-06-08,ea8077bb5da5e0adbf70c3c75e3e5fb37b2d6266c970b811400bc738ac722a6b,data/raw/ds001734/sub-018_task-MGT_run-04_events.tsv
sub-019_task-MGT_run-01_events.tsv,https://s3.amazonaws.com/openneuro.org/ds001734/sub-019/func/sub-019_task-MGT_run-01_events.tsv,ds001734,CC0-1.0,2026-06-08,618d339a50c0245a050f30b3345e928e5b151327a24faf82f81f07789e223826,data/raw/ds001734/sub-019_task-MGT_run-01_events.tsv
sub-019_task-MGT_run-02_events.tsv,https://s3.amazonaws.com/openneuro.org/ds001734/sub-019/func/sub-019_task-MGT_run-02_events.tsv,ds001734,CC0-1.0,2026-06-08,925a7fe23f3f08a2bfc498b8efd848cae3092ee3556898f9b213c047bc462308,data/raw/ds001734/sub-019_task-MGT_run-02_events.tsv
sub-019_task-MGT_run-03_events.tsv,https://s3.amazonaws.com/openneuro.org/ds001734/sub-019/func/sub-019_task-MGT_run-03_events.tsv,ds001734,CC0-1.0,2026-06-08,582139a62ff25edeb71f252cf29c3e63cf4bdc2bdc7baf9454c1a62b57e6439c,data/raw/ds001734/sub-019_task-MGT_run-03_events.tsv
sub-019_task-MGT_run-04_events.tsv,https://s3.amazonaws.com/openneuro.org/ds001734/sub-019/func/sub-019_task-MGT_run-04_events.tsv,ds001734,CC0-1.0,2026-06-08,302007c3fc3d500ee631ee2bd5ad7b6e19101c218e4e4165083b4abeb60f7d87,data/raw/ds001734/sub-019_task-MGT_run-04_events.tsv
sub-020_task-MGT_run-01_events.tsv,https://s3.amazonaws.com/openneuro.org/ds001734/sub-020/func/sub-020_task-MGT_run-01_events.tsv,ds001734,CC0-1.0,2026-06-08,a2bef0b95aaea171fe0d7aa9ea62d4c2dafce7972873c5874f9183edef49d942,data/raw/ds001734/sub-020_task-MGT_run-01_events.tsv
sub-020_task-MGT_run-02_events.tsv,https://s3.amazonaws.com/openneuro.org/ds001734/sub-020/func/sub-020_task-MGT_run-02_events.tsv,ds001734,CC0-1.0,2026-06-08,567ae3eb4a66049ea586d416136454849c8eb145ee3c8d29ad66ff98148dd94d,data/raw/ds001734/sub-020_task-MGT_run-02_events.tsv
sub-020_task-MGT_run-03_events.tsv,https://s3.amazonaws.com/openneuro.org/ds001734/sub-020/func/sub-020_task-MGT_run-03_events.tsv,ds001734,CC0-1.0,2026-06-08,5cb6e23c3396f351ac306f164b81a3aed84f882163fb4ae3e8da109c92af280c,data/raw/ds001734/sub-020_task-MGT_run-03_events.tsv
sub-020_task-MGT_run-04_events.tsv,https://s3.amazonaws.com/openneuro.org/ds001734/sub-020/func/sub-020_task-MGT_run-04_events.tsv,ds001734,CC0-1.0,2026-06-08,6196ab9c95972ec9d75ddb4855b55d4f2e2943b7bd5cc34be69a2a1d2e20f16a,data/raw/ds001734/sub-020_task-MGT_run-04_events.tsv
sub-021_task-MGT_run-01_events.tsv,https://s3.amazonaws.com/openneuro.org/ds001734/sub-021/func/sub-021_task-MGT_run-01_events.tsv,ds001734,CC0-1.0,2026-06-08,d5642da2f927ab84d2449787e0b0005016b2b9c10410034cc5bf7856c11f36be,data/raw/ds001734/sub-021_task-MGT_run-01_events.tsv
sub-021_task-MGT_run-02_events.tsv,https://s3.amazonaws.com/openneuro.org/ds001734/sub-021/func/sub-021_task-MGT_run-02_events.tsv,ds001734,CC0-1.0,2026-06-08,4d6c0d61b2bc3bb8c644ca39f90adc66da200704fd0d74e144d2c20c2a8d5784,data/raw/ds001734/sub-021_task-MGT_run-02_events.tsv
sub-021_task-MGT_run-03_events.tsv,https://s3.amazonaws.com/openneuro.org/ds001734/sub-021/func/sub-021_task-MGT_run-03_events.tsv,ds001734,CC0-1.0,2026-06-08,53f2aeee74666c040e0e1cd781b968bd2728e39a900ed18cd25cf1dedeeab503,data/raw/ds001734/sub-021_task-MGT_run-03_events.tsv
sub-021_task-MGT_run-04_events.tsv,https://s3.amazonaws.com/openneuro.org/ds001734/sub-021/func/sub-021_task-MGT_run-04_events.tsv,ds001734,CC0-1.0,2026-06-08,fda4f3cb82fe0459fcf1a67166d8d8bcf5a663623e2fbb841c3ba9e08aaa1479,data/raw/ds001734/sub-021_task-MGT_run-04_events.tsv
sub-022_task-MGT_run-01_events.tsv,https://s3.amazonaws.com/openneuro.org/ds001734/sub-022/func/sub-022_task-MGT_run-01_events.tsv,ds001734,CC0-1.0,2026-06-08,4378c62b0ae34e4288c032542fb99eeab862ef5045b1e1978f50e6fee0e0e937,data/raw/ds001734/sub-022_task-MGT_run-01_events.tsv
sub-022_task-MGT_run-02_events.tsv,https://s3.amazonaws.com/openneuro.org/ds001734/sub-022/func/sub-022_task-MGT_run-02_events.tsv,ds001734,CC0-1.0,2026-06-08,fc8709f1580d70159b6814db4567841e6ed5a56d12010df9d462fc1661be35f2,data/raw/ds001734/sub-022_task-MGT_run-02_events.tsv
sub-022_task-MGT_run-03_events.tsv,https://s3.amazonaws.com/openneuro.org/ds001734/sub-022/func/sub-022_task-MGT_run-03_events.tsv,ds001734,CC0-1.0,2026-06-08,0a088a2c008b8eb5780f8d1f112313f5e9ee3a76f5e1c48ef56b1c123c2c8a9d,data/raw/ds001734/sub-022_task-MGT_run-03_events.tsv
sub-022_task-MGT_run-04_events.tsv,https://s3.amazonaws.com/openneuro.org/ds001734/sub-022/func/sub-022_task-MGT_run-04_events.tsv,ds001734,CC0-1.0,2026-06-08,5cd6e9416ba93ede61bbc1fea93823d56545afe13fb8c3f0a1559b6891bcda79,data/raw/ds001734/sub-022_task-MGT_run-04_events.tsv
sub-024_task-MGT_run-01_events.tsv,https://s3.amazonaws.com/openneuro.org/ds001734/sub-024/func/sub-024_task-MGT_run-01_events.tsv,ds001734,CC0-1.0,2026-06-08,abf395862dccb963fb86ba37e264af0c6a2acc94e0083e2ca5fd693e1c16a265,data/raw/ds001734/sub-024_task-MGT_run-01_events.tsv
sub-024_task-MGT_run-02_events.tsv,https://s3.amazonaws.com/openneuro.org/ds001734/sub-024/func/sub-024_task-MGT_run-02_events.tsv,ds001734,CC0-1.0,2026-06-08,d0411ce3f3c9f1b8b83c8b579360056d8b67957dc6adc4b67e444ed82a9dc982,data/raw/ds001734/sub-024_task-MGT_run-02_events.tsv
sub-024_task-MGT_run-03_events.tsv,https://s3.amazonaws.com/openneuro.org/ds001734/sub-024/func/sub-024_task-MGT_run-03_events.tsv,ds001734,CC0-1.0,2026-06-08,5fae08d4ee51a279a130ca31e94f10160180210559018939185cfadb5141d720,data/raw/ds001734/sub-024_task-MGT_run-03_events.tsv
sub-024_task-MGT_run-04_events.tsv,https://s3.amazonaws.com/openneuro.org/ds001734/sub-024/func/sub-024_task-MGT_run-04_events.tsv,ds001734,CC0-1.0,2026-06-08,bc44ccdcd098d015e525b7637276938a3117078bff729e23e5d4cb6635f53d01,data/raw/ds001734/sub-024_task-MGT_run-04_events.tsv
sub-025_task-MGT_run-01_events.tsv,https://s3.amazonaws.com/openneuro.org/ds001734/sub-025/func/sub-025_task-MGT_run-01_events.tsv,ds001734,CC0-1.0,2026-06-08,962fe79d6ae42efdb7675d565be442f66537eadd3b83d8dba23e24de9aed09b0,data/raw/ds001734/sub-025_task-MGT_run-01_events.tsv
sub-025_task-MGT_run-02_events.tsv,https://s3.amazonaws.com/openneuro.org/ds001734/sub-025/func/sub-025_task-MGT_run-02_events.tsv,ds001734,CC0-1.0,2026-06-08,414b310b23d636ff7c85a4304ac21ac8971ccc8a2501a76f64ebca61e334ea05,data/raw/ds001734/sub-025_task-MGT_run-02_events.tsv
sub-025_task-MGT_run-03_events.tsv,https://s3.amazonaws.com/openneuro.org/ds001734/sub-025/func/sub-025_task-MGT_run-03_events.tsv,ds001734,CC0-1.0,2026-06-08,07735f36af6b1d2e88ef013d1708e69efd7b373e1f1f016a46d5374099eb746b,data/raw/ds001734/sub-025_task-MGT_run-03_events.tsv
sub-025_task-MGT_run-04_events.tsv,https://s3.amazonaws.com/openneuro.org/ds001734/sub-025/func/sub-025_task-MGT_run-04_events.tsv,ds001734,CC0-1.0,2026-06-08,eb78a00954d00e0656ff261e3f96bdcd68374459175886eae6f39a7a68b6e7f8,data/raw/ds001734/sub-025_task-MGT_run-04_events.tsv
sub-026_task-MGT_run-01_events.tsv,https://s3.amazonaws.com/openneuro.org/ds001734/sub-026/func/sub-026_task-MGT_run-01_events.tsv,ds001734,CC0-1.0,2026-06-08,873d905ab9a7e73704559dcee1964fa1967901b7f3953f2e3c531662c787ab2d,data/raw/ds001734/sub-026_task-MGT_run-01_events.tsv
sub-026_task-MGT_run-02_events.tsv,https://s3.amazonaws.com/openneuro.org/ds001734/sub-026/func/sub-026_task-MGT_run-02_events.tsv,ds001734,CC0-1.0,2026-06-08,2daced40dc172e71b484ee6e4525893201eb71d920792050a0b754169fa6f6d1,data/raw/ds001734/sub-026_task-MGT_run-02_events.tsv
sub-026_task-MGT_run-03_events.tsv,https://s3.amazonaws.com/openneuro.org/ds001734/sub-026/func/sub-026_task-MGT_run-03_events.tsv,ds001734,CC0-1.0,2026-06-08,ff8109d52ef95a2d577e0183504a927c7bc45cb49b0edac68c787a4d640fb2b4,data/raw/ds001734/sub-026_task-MGT_run-03_events.tsv
sub-026_task-MGT_run-04_events.tsv,https://s3.amazonaws.com/openneuro.org/ds001734/sub-026/func/sub-026_task-MGT_run-04_events.tsv,ds001734,CC0-1.0,2026-06-08,496b4844956b51f2bf9b75afa6cb2e6d8ab3e842ccfb7b1abec2d5ff35ebf208,data/raw/ds001734/sub-026_task-MGT_run-04_events.tsv
sub-027_task-MGT_run-01_events.tsv,https://s3.amazonaws.com/openneuro.org/ds001734/sub-027/func/sub-027_task-MGT_run-01_events.tsv,ds001734,CC0-1.0,2026-06-08,7384c9c9e58d30f318eb02a9dd6e27765e6a49d7750df7b962924c1b037cf26d,data/raw/ds001734/sub-027_task-MGT_run-01_events.tsv
sub-027_task-MGT_run-02_events.tsv,https://s3.amazonaws.com/openneuro.org/ds001734/sub-027/func/sub-027_task-MGT_run-02_events.tsv,ds001734,CC0-1.0,2026-06-08,fd08499e28f479ba4f81f5914a0fe4b921f963a04fd42f2eae1f17e233c52b9e,data/raw/ds001734/sub-027_task-MGT_run-02_events.tsv
sub-027_task-MGT_run-03_events.tsv,https://s3.amazonaws.com/openneuro.org/ds001734/sub-027/func/sub-027_task-MGT_run-03_events.tsv,ds001734,CC0-1.0,2026-06-08,a66a2d265a1b97a0f404d15a03c7b3dd09433c22d18397e3ca4927089ecde555,data/raw/ds001734/sub-027_task-MGT_run-03_events.tsv
sub-027_task-MGT_run-04_events.tsv,https://s3.amazonaws.com/openneuro.org/ds001734/sub-027/func/sub-027_task-MGT_run-04_events.tsv,ds001734,CC0-1.0,2026-06-08,ceb1ffc3a5239ee348c92ebde96022c1a643050b4c6d68b79ba54fe05ba05b67,data/raw/ds001734/sub-027_task-MGT_run-04_events.tsv
sub-029_task-MGT_run-01_events.tsv,https://s3.amazonaws.com/openneuro.org/ds001734/sub-029/func/sub-029_task-MGT_run-01_events.tsv,ds001734,CC0-1.0,2026-06-08,12c194b57a10aaf9a1c6b202ba7614478fe7f1098c598351dcd22281306143ed,data/raw/ds001734/sub-029_task-MGT_run-01_events.tsv
sub-029_task-MGT_run-02_events.tsv,https://s3.amazonaws.com/openneuro.org/ds001734/sub-029/func/sub-029_task-MGT_run-02_events.tsv,ds001734,CC0-1.0,2026-06-08,a03e545fdd743d9f679a7567a259a72e06a451f43c83ed70c3c2396803b1f680,data/raw/ds001734/sub-029_task-MGT_run-02_events.tsv
sub-029_task-MGT_run-03_events.tsv,https://s3.amazonaws.com/openneuro.org/ds001734/sub-029/func/sub-029_task-MGT_run-03_events.tsv,ds001734,CC0-1.0,2026-06-08,52507540bd05e78a0483497aa9b53e2a86b14cc80485211374b78a1879482049,data/raw/ds001734/sub-029_task-MGT_run-03_events.tsv
sub-029_task-MGT_run-04_events.tsv,https://s3.amazonaws.com/openneuro.org/ds001734/sub-029/func/sub-029_task-MGT_run-04_events.tsv,ds001734,CC0-1.0,2026-06-08,73337ccb5c7f10bca8394c824469f8db5ace10a3a1d80122a5bc71f61d126adb,data/raw/ds001734/sub-029_task-MGT_run-04_events.tsv
sub-030_task-MGT_run-01_events.tsv,https://s3.amazonaws.com/openneuro.org/ds001734/sub-030/func/sub-030_task-MGT_run-01_events.tsv,ds001734,CC0-1.0,2026-06-08,d2f62b248b4c2ecd4820385d0fee217a63d4d07dd57cd205bea0da60182aadff,data/raw/ds001734/sub-030_task-MGT_run-01_events.tsv
sub-030_task-MGT_run-02_events.tsv,https://s3.amazonaws.com/openneuro.org/ds001734/sub-030/func/sub-030_task-MGT_run-02_events.tsv,ds001734,CC0-1.0,2026-06-08,f92ac26cce7291f074b6abd77ccf25b99aa9a6dcaf779eaee449a2a8f6af83d9,data/raw/ds001734/sub-030_task-MGT_run-02_events.tsv
sub-030_task-MGT_run-03_events.tsv,https://s3.amazonaws.com/openneuro.org/ds001734/sub-030/func/sub-030_task-MGT_run-03_events.tsv,ds001734,CC0-1.0,2026-06-08,2b48063c5cdd1c54040a4cc097a63bd0a7bd4c7418ae6da634000fdb75e3c34a,data/raw/ds001734/sub-030_task-MGT_run-03_events.tsv
sub-030_task-MGT_run-04_events.tsv,https://s3.amazonaws.com/openneuro.org/ds001734/sub-030/func/sub-030_task-MGT_run-04_events.tsv,ds001734,CC0-1.0,2026-06-08,17c8f36bac2d52114772a8d232b9ecbd6f15a77eae210248cb6eeec49a2f7f28,data/raw/ds001734/sub-030_task-MGT_run-04_events.tsv
sub-032_task-MGT_run-01_events.tsv,https://s3.amazonaws.com/openneuro.org/ds001734/sub-032/func/sub-032_task-MGT_run-01_events.tsv,ds001734,CC0-1.0,2026-06-08,2bc67654cf1ab1966260aceb312199c07c5dd5029fac8978a6dab9d45498eb73,data/raw/ds001734/sub-032_task-MGT_run-01_events.tsv
sub-032_task-MGT_run-02_events.tsv,https://s3.amazonaws.com/openneuro.org/ds001734/sub-032/func/sub-032_task-MGT_run-02_events.tsv,ds001734,CC0-1.0,2026-06-08,5130e9e2f2095688176b9f5adcc5bb146c6f5a238db7a4f8df86e1202da1a151,data/raw/ds001734/sub-032_task-MGT_run-02_events.tsv
sub-032_task-MGT_run-03_events.tsv,https://s3.amazonaws.com/openneuro.org/ds001734/sub-032/func/sub-032_task-MGT_run-03_events.tsv,ds001734,CC0-1.0,2026-06-08,6e7624cc23aecb3f119b6ce664526a529fb6abf3956040dca5e3f526be0845d4,data/raw/ds001734/sub-032_task-MGT_run-03_events.tsv
sub-032_task-MGT_run-04_events.tsv,https://s3.amazonaws.com/openneuro.org/ds001734/sub-032/func/sub-032_task-MGT_run-04_events.tsv,ds001734,CC0-1.0,2026-06-08,4a40e6628acd1971681d4ea9f26fbd782971591a309221ff2414a8c925e8d118,data/raw/ds001734/sub-032_task-MGT_run-04_events.tsv
sub-033_task-MGT_run-01_events.tsv,https://s3.amazonaws.com/openneuro.org/ds001734/sub-033/func/sub-033_task-MGT_run-01_events.tsv,ds001734,CC0-1.0,2026-06-08,e3270358b46a043651c696c29228036898c6a2d313e9c550da2c0019faedaf78,data/raw/ds001734/sub-033_task-MGT_run-01_events.tsv
sub-033_task-MGT_run-02_events.tsv,https://s3.amazonaws.com/openneuro.org/ds001734/sub-033/func/sub-033_task-MGT_run-02_events.tsv,ds001734,CC0-1.0,2026-06-08,a2ea3c506af7381ae651942541c9d2355307b2666b03997003ff5cbd685cdd0f,data/raw/ds001734/sub-033_task-MGT_run-02_events.tsv
sub-033_task-MGT_run-03_events.tsv,https://s3.amazonaws.com/openneuro.org/ds001734/sub-033/func/sub-033_task-MGT_run-03_events.tsv,ds001734,CC0-1.0,2026-06-08,e120356076098ac0ccc1833b78c5e3866c45b37df5c596cf930b4c69f244db31,data/raw/ds001734/sub-033_task-MGT_run-03_events.tsv
sub-033_task-MGT_run-04_events.tsv,https://s3.amazonaws.com/openneuro.org/ds001734/sub-033/func/sub-033_task-MGT_run-04_events.tsv,ds001734,CC0-1.0,2026-06-08,422b715f6d2f2b7f61095b9fab3f8b7078c2b1ef0d3f06eb683c96088ea7c7d4,data/raw/ds001734/sub-033_task-MGT_run-04_events.tsv
sub-035_task-MGT_run-01_events.tsv,https://s3.amazonaws.com/openneuro.org/ds001734/sub-035/func/sub-035_task-MGT_run-01_events.tsv,ds001734,CC0-1.0,2026-06-08,33490c6f68f5a56b950e104e579627c45c4be869b5663958971fe4ff19416d56,data/raw/ds001734/sub-035_task-MGT_run-01_events.tsv
sub-035_task-MGT_run-02_events.tsv,https://s3.amazonaws.com/openneuro.org/ds001734/sub-035/func/sub-035_task-MGT_run-02_events.tsv,ds001734,CC0-1.0,2026-06-08,41ee5ef213ae3aa9e640ebfc2fa55736075f1db866f657d307e1b068aa18c6c1,data/raw/ds001734/sub-035_task-MGT_run-02_events.tsv
sub-035_task-MGT_run-03_events.tsv,https://s3.amazonaws.com/openneuro.org/ds001734/sub-035/func/sub-035_task-MGT_run-03_events.tsv,ds001734,CC0-1.0,2026-06-08,5118ee8e4417442473a76dabe81de42a94f625a7bdab7b62f48516e791cf46c0,data/raw/ds001734/sub-035_task-MGT_run-03_events.tsv
sub-035_task-MGT_run-04_events.tsv,https://s3.amazonaws.com/openneuro.org/ds001734/sub-035/func/sub-035_task-MGT_run-04_events.tsv,ds001734,CC0-1.0,2026-06-08,45d2b617c12862f1b91b264b878ba5eae8fe8269409230e710aeb27acf6e4c21,data/raw/ds001734/sub-035_task-MGT_run-04_events.tsv
sub-036_task-MGT_run-01_events.tsv,https://s3.amazonaws.com/openneuro.org/ds001734/sub-036/func/sub-036_task-MGT_run-01_events.tsv,ds001734,CC0-1.0,2026-06-08,9571682844687b89f69482b2a5b74a3a0a51f2da89c6191aa8bd8fca5f9d09fc,data/raw/ds001734/sub-036_task-MGT_run-01_events.tsv
sub-036_task-MGT_run-02_events.tsv,https://s3.amazonaws.com/openneuro.org/ds001734/sub-036/func/sub-036_task-MGT_run-02_events.tsv,ds001734,CC0-1.0,2026-06-08,71741ebca6baf64f0653c5dd985dfb2681ea0154eae12bc2318f3b1e45146efa,data/raw/ds001734/sub-036_task-MGT_run-02_events.tsv
sub-036_task-MGT_run-03_events.tsv,https://s3.amazonaws.com/openneuro.org/ds001734/sub-036/func/sub-036_task-MGT_run-03_events.tsv,ds001734,CC0-1.0,2026-06-08,e76ed2bfc65c391ec4236908e02842478c0f1d56f4b291483e833467f5330791,data/raw/ds001734/sub-036_task-MGT_run-03_events.tsv
sub-036_task-MGT_run-04_events.tsv,https://s3.amazonaws.com/openneuro.org/ds001734/sub-036/func/sub-036_task-MGT_run-04_events.tsv,ds001734,CC0-1.0,2026-06-08,7eb9cd9bef89e993bd315b9f6e1783938f17e741aee42b8e0192019a0ea0ad2c,data/raw/ds001734/sub-036_task-MGT_run-04_events.tsv
sub-037_task-MGT_run-01_events.tsv,https://s3.amazonaws.com/openneuro.org/ds001734/sub-037/func/sub-037_task-MGT_run-01_events.tsv,ds001734,CC0-1.0,2026-06-08,1e8b7e8c509f8494fd50c06d9076d5fa74a8d00acfec50f4b90d1a91685c9f67,data/raw/ds001734/sub-037_task-MGT_run-01_events.tsv
sub-037_task-MGT_run-02_events.tsv,https://s3.amazonaws.com/openneuro.org/ds001734/sub-037/func/sub-037_task-MGT_run-02_events.tsv,ds001734,CC0-1.0,2026-06-08,317e2f0dd47b79434d50e3b1ba308dbbf57fe2efbd6443095e06e6fb88d00e19,data/raw/ds001734/sub-037_task-MGT_run-02_events.tsv
sub-037_task-MGT_run-03_events.tsv,https://s3.amazonaws.com/openneuro.org/ds001734/sub-037/func/sub-037_task-MGT_run-03_events.tsv,ds001734,CC0-1.0,2026-06-08,7c555360842cad8124b45a1a569ba84261a2a38b1632aa3e4313dea187f8ec06,data/raw/ds001734/sub-037_task-MGT_run-03_events.tsv
sub-037_task-MGT_run-04_events.tsv,https://s3.amazonaws.com/openneuro.org/ds001734/sub-037/func/sub-037_task-MGT_run-04_events.tsv,ds001734,CC0-1.0,2026-06-08,cbff80ba526847abb73afcdb53ae02fdc18cab5a52c162ea14c8fe7dead856fc,data/raw/ds001734/sub-037_task-MGT_run-04_events.tsv
sub-038_task-MGT_run-01_events.tsv,https://s3.amazonaws.com/openneuro.org/ds001734/sub-038/func/sub-038_task-MGT_run-01_events.tsv,ds001734,CC0-1.0,2026-06-08,5aeb9262bcee7287410ae2b72680a796d75cd70b4f6f61b8315ef235eb7117a0,data/raw/ds001734/sub-038_task-MGT_run-01_events.tsv
sub-038_task-MGT_run-02_events.tsv,https://s3.amazonaws.com/openneuro.org/ds001734/sub-038/func/sub-038_task-MGT_run-02_events.tsv,ds001734,CC0-1.0,2026-06-08,fffd18482eec562c36d8ad56032c2d0998560513b4349696f212db8f76837cb6,data/raw/ds001734/sub-038_task-MGT_run-02_events.tsv
sub-038_task-MGT_run-03_events.tsv,https://s3.amazonaws.com/openneuro.org/ds001734/sub-038/func/sub-038_task-MGT_run-03_events.tsv,ds001734,CC0-1.0,2026-06-08,c3a36eaac334f3d6623855288f0a3e55763fd6361fc7bcb386e0df1c0ba35460,data/raw/ds001734/sub-038_task-MGT_run-03_events.tsv
sub-038_task-MGT_run-04_events.tsv,https://s3.amazonaws.com/openneuro.org/ds001734/sub-038/func/sub-038_task-MGT_run-04_events.tsv,ds001734,CC0-1.0,2026-06-08,7c72bf819abc67ce3502484027ec936876c5fc0aa9230f41f8518d5cbe6dd692,data/raw/ds001734/sub-038_task-MGT_run-04_events.tsv
sub-039_task-MGT_run-01_events.tsv,https://s3.amazonaws.com/openneuro.org/ds001734/sub-039/func/sub-039_task-MGT_run-01_events.tsv,ds001734,CC0-1.0,2026-06-08,561ac70e8e6a949bb2cd2fb522633ed8456f958c84c56c6da278840ab70a4886,data/raw/ds001734/sub-039_task-MGT_run-01_events.tsv
sub-039_task-MGT_run-02_events.tsv,https://s3.amazonaws.com/openneuro.org/ds001734/sub-039/func/sub-039_task-MGT_run-02_events.tsv,ds001734,CC0-1.0,2026-06-08,55afacc7140f90b6857c54fb76fe0b439f8aa1483b60ad23c954eaa4ce7a1fe8,data/raw/ds001734/sub-039_task-MGT_run-02_events.tsv
sub-039_task-MGT_run-03_events.tsv,https://s3.amazonaws.com/openneuro.org/ds001734/sub-039/func/sub-039_task-MGT_run-03_events.tsv,ds001734,CC0-1.0,2026-06-08,9c4b6e9f0525c7c01956066d831815e631fdd605b9cdbe4ae861ca876c8c81fc,data/raw/ds001734/sub-039_task-MGT_run-03_events.tsv
sub-039_task-MGT_run-04_events.tsv,https://s3.amazonaws.com/openneuro.org/ds001734/sub-039/func/sub-039_task-MGT_run-04_events.tsv,ds001734,CC0-1.0,2026-06-08,d25939482990940072491a49d025fa599e5f401c11b2504c121aa42a8f5b8a32,data/raw/ds001734/sub-039_task-MGT_run-04_events.tsv
sub-040_task-MGT_run-01_events.tsv,https://s3.amazonaws.com/openneuro.org/ds001734/sub-040/func/sub-040_task-MGT_run-01_events.tsv,ds001734,CC0-1.0,2026-06-08,584495b8d024414c970c9b367306f6efd2812f334ae291881942c440a139d06d,data/raw/ds001734/sub-040_task-MGT_run-01_events.tsv
sub-040_task-MGT_run-02_events.tsv,https://s3.amazonaws.com/openneuro.org/ds001734/sub-040/func/sub-040_task-MGT_run-02_events.tsv,ds001734,CC0-1.0,2026-06-08,81931452945c5719e4c79d5db84e17e1f4777d100267266ef862bbfac0e06731,data/raw/ds001734/sub-040_task-MGT_run-02_events.tsv
sub-040_task-MGT_run-03_events.tsv,https://s3.amazonaws.com/openneuro.org/ds001734/sub-040/func/sub-040_task-MGT_run-03_events.tsv,ds001734,CC0-1.0,2026-06-08,336e1f2b64cf624ea731c597f5ea1d83fba85bbf129b756750534bab7bc63c43,data/raw/ds001734/sub-040_task-MGT_run-03_events.tsv
sub-040_task-MGT_run-04_events.tsv,https://s3.amazonaws.com/openneuro.org/ds001734/sub-040/func/sub-040_task-MGT_run-04_events.tsv,ds001734,CC0-1.0,2026-06-08,f1f99de3a8c7a140aa200dc90d79d0714daf66571692ad7c5b65d1db46bf9171,data/raw/ds001734/sub-040_task-MGT_run-04_events.tsv
sub-041_task-MGT_run-01_events.tsv,https://s3.amazonaws.com/openneuro.org/ds001734/sub-041/func/sub-041_task-MGT_run-01_events.tsv,ds001734,CC0-1.0,2026-06-08,c8b96e268393efba5290084ffeb424429ba65803241c483920e54c2d2872fb08,data/raw/ds001734/sub-041_task-MGT_run-01_events.tsv
sub-041_task-MGT_run-02_events.tsv,https://s3.amazonaws.com/openneuro.org/ds001734/sub-041/func/sub-041_task-MGT_run-02_events.tsv,ds001734,CC0-1.0,2026-06-08,19d41ec6b59dcb4f405a77584b679a9e97419ac1822a49d13ad27da618227464,data/raw/ds001734/sub-041_task-MGT_run-02_events.tsv
sub-041_task-MGT_run-03_events.tsv,https://s3.amazonaws.com/openneuro.org/ds001734/sub-041/func/sub-041_task-MGT_run-03_events.tsv,ds001734,CC0-1.0,2026-06-08,35208ec0183258c0d7b763bc41eca3647f45aff5a76c4ffd6c7703cef7206975,data/raw/ds001734/sub-041_task-MGT_run-03_events.tsv
sub-041_task-MGT_run-04_events.tsv,https://s3.amazonaws.com/openneuro.org/ds001734/sub-041/func/sub-041_task-MGT_run-04_events.tsv,ds001734,CC0-1.0,2026-06-08,e43ca149c85792e4e1b36ad6f377df9f08344b1cb5d141c4f7801f667ec4fc27,data/raw/ds001734/sub-041_task-MGT_run-04_events.tsv
sub-043_task-MGT_run-01_events.tsv,https://s3.amazonaws.com/openneuro.org/ds001734/sub-043/func/sub-043_task-MGT_run-01_events.tsv,ds001734,CC0-1.0,2026-06-08,9b3383502597c5e8fc0c5ebb8b7264a4724df4d3f0aaa630fcab9a4c7db5f856,data/raw/ds001734/sub-043_task-MGT_run-01_events.tsv
sub-043_task-MGT_run-02_events.tsv,https://s3.amazonaws.com/openneuro.org/ds001734/sub-043/func/sub-043_task-MGT_run-02_events.tsv,ds001734,CC0-1.0,2026-06-08,04a962573f45f0a7b9675a0baf755977159658d88f14a9d6d1777b4a524b68e5,data/raw/ds001734/sub-043_task-MGT_run-02_events.tsv
sub-043_task-MGT_run-03_events.tsv,https://s3.amazonaws.com/openneuro.org/ds001734/sub-043/func/sub-043_task-MGT_run-03_events.tsv,ds001734,CC0-1.0,2026-06-08,79b04cc546be047f8b80ff5a7820256dd942a8fb679c7fd59efd64fc06e18680,data/raw/ds001734/sub-043_task-MGT_run-03_events.tsv
sub-043_task-MGT_run-04_events.tsv,https://s3.amazonaws.com/openneuro.org/ds001734/sub-043/func/sub-043_task-MGT_run-04_events.tsv,ds001734,CC0-1.0,2026-06-08,316b5f1711356b0a1ae13fe4456bfaa0db15da8a9db4a1373130e558dccf4257,data/raw/ds001734/sub-043_task-MGT_run-04_events.tsv
sub-044_task-MGT_run-01_events.tsv,https://s3.amazonaws.com/openneuro.org/ds001734/sub-044/func/sub-044_task-MGT_run-01_events.tsv,ds001734,CC0-1.0,2026-06-08,c157a2feb5f7c6716ed031b7959b30524c1e0f14c3efa901add72171fabc7d8e,data/raw/ds001734/sub-044_task-MGT_run-01_events.tsv
sub-044_task-MGT_run-02_events.tsv,https://s3.amazonaws.com/openneuro.org/ds001734/sub-044/func/sub-044_task-MGT_run-02_events.tsv,ds001734,CC0-1.0,2026-06-08,3eb85e062ec1a3f12e53c4ba0df6aa10f05ddc6e9bd14418ef35beb8773ec9ee,data/raw/ds001734/sub-044_task-MGT_run-02_events.tsv
sub-044_task-MGT_run-03_events.tsv,https://s3.amazonaws.com/openneuro.org/ds001734/sub-044/func/sub-044_task-MGT_run-03_events.tsv,ds001734,CC0-1.0,2026-06-08,d1bc6f9d6fa454e5e480541babe85c836e6d27abe669ec22c689cb953d2078e5,data/raw/ds001734/sub-044_task-MGT_run-03_events.tsv
sub-044_task-MGT_run-04_events.tsv,https://s3.amazonaws.com/openneuro.org/ds001734/sub-044/func/sub-044_task-MGT_run-04_events.tsv,ds001734,CC0-1.0,2026-06-08,2563cc82b9d1c4622d305ccb7eec882a5e83b7278b8bcf7e731ab0ff33b858f2,data/raw/ds001734/sub-044_task-MGT_run-04_events.tsv
sub-045_task-MGT_run-01_events.tsv,https://s3.amazonaws.com/openneuro.org/ds001734/sub-045/func/sub-045_task-MGT_run-01_events.tsv,ds001734,CC0-1.0,2026-06-08,da2ec9110f8f3a335f9e331197af7f3d421829c3fe321bcd5120796d9ec5e5b5,data/raw/ds001734/sub-045_task-MGT_run-01_events.tsv
sub-045_task-MGT_run-02_events.tsv,https://s3.amazonaws.com/openneuro.org/ds001734/sub-045/func/sub-045_task-MGT_run-02_events.tsv,ds001734,CC0-1.0,2026-06-08,ab75b1e8614f207fec81ec6a48515fc24ef74b6bdd877ab2e6915fc165314ad5,data/raw/ds001734/sub-045_task-MGT_run-02_events.tsv
sub-045_task-MGT_run-03_events.tsv,https://s3.amazonaws.com/openneuro.org/ds001734/sub-045/func/sub-045_task-MGT_run-03_events.tsv,ds001734,CC0-1.0,2026-06-08,256de115195b4828d406f3f4a235884363a2bc8591957040297fae201c2914d0,data/raw/ds001734/sub-045_task-MGT_run-03_events.tsv
sub-045_task-MGT_run-04_events.tsv,https://s3.amazonaws.com/openneuro.org/ds001734/sub-045/func/sub-045_task-MGT_run-04_events.tsv,ds001734,CC0-1.0,2026-06-08,21af07059b9295515808e266ef5aa78bf1c9b726ab96b9f54518877abda45553,data/raw/ds001734/sub-045_task-MGT_run-04_events.tsv
sub-046_task-MGT_run-01_events.tsv,https://s3.amazonaws.com/openneuro.org/ds001734/sub-046/func/sub-046_task-MGT_run-01_events.tsv,ds001734,CC0-1.0,2026-06-08,185bb9dcd9b81bb2c9eeaeebbe718b87e83dafe4dcb83efb34dddcd68126a77a,data/raw/ds001734/sub-046_task-MGT_run-01_events.tsv
sub-046_task-MGT_run-02_events.tsv,https://s3.amazonaws.com/openneuro.org/ds001734/sub-046/func/sub-046_task-MGT_run-02_events.tsv,ds001734,CC0-1.0,2026-06-08,45d211650d9e48af4fc4223029a921685c31a4916f48076c16e8b6a82a5c279d,data/raw/ds001734/sub-046_task-MGT_run-02_events.tsv
sub-046_task-MGT_run-03_events.tsv,https://s3.amazonaws.com/openneuro.org/ds001734/sub-046/func/sub-046_task-MGT_run-03_events.tsv,ds001734,CC0-1.0,2026-06-08,161de94258b3c99fd5b018db746a5b9507bd2aa69607ea4679b59a0133de710f,data/raw/ds001734/sub-046_task-MGT_run-03_events.tsv
sub-046_task-MGT_run-04_events.tsv,https://s3.amazonaws.com/openneuro.org/ds001734/sub-046/func/sub-046_task-MGT_run-04_events.tsv,ds001734,CC0-1.0,2026-06-08,373671c4223168f719b8967c6b854c4a20fdb0b5426c5935037c3eba33266724,data/raw/ds001734/sub-046_task-MGT_run-04_events.tsv
sub-047_task-MGT_run-01_events.tsv,https://s3.amazonaws.com/openneuro.org/ds001734/sub-047/func/sub-047_task-MGT_run-01_events.tsv,ds001734,CC0-1.0,2026-06-08,4efb4657d9adfb5846b3c9897a7af72265fc08541e7d7d4f871e97429b63c23e,data/raw/ds001734/sub-047_task-MGT_run-01_events.tsv
sub-047_task-MGT_run-02_events.tsv,https://s3.amazonaws.com/openneuro.org/ds001734/sub-047/func/sub-047_task-MGT_run-02_events.tsv,ds001734,CC0-1.0,2026-06-08,e472c28fd9c84a1eff56639e5a0220eaaf9d959252f2e58f0cd95a0ff01aa877,data/raw/ds001734/sub-047_task-MGT_run-02_events.tsv
sub-047_task-MGT_run-03_events.tsv,https://s3.amazonaws.com/openneuro.org/ds001734/sub-047/func/sub-047_task-MGT_run-03_events.tsv,ds001734,CC0-1.0,2026-06-08,a6446c9b1208bab7ce353995b13640410a42099c48e2de8e1680c352c25f753e,data/raw/ds001734/sub-047_task-MGT_run-03_events.tsv
sub-047_task-MGT_run-04_events.tsv,https://s3.amazonaws.com/openneuro.org/ds001734/sub-047/func/sub-047_task-MGT_run-04_events.tsv,ds001734,CC0-1.0,2026-06-08,ddc41d574433e4adc011b25e329233bb72eee9030f52a1b350ed40318fac686a,data/raw/ds001734/sub-047_task-MGT_run-04_events.tsv
sub-049_task-MGT_run-01_events.tsv,https://s3.amazonaws.com/openneuro.org/ds001734/sub-049/func/sub-049_task-MGT_run-01_events.tsv,ds001734,CC0-1.0,2026-06-08,a2c699c2fe9ebd8eb3d5112427ce0881bd1578cb424c7da0af62b0a3d192718f,data/raw/ds001734/sub-049_task-MGT_run-01_events.tsv
sub-049_task-MGT_run-02_events.tsv,https://s3.amazonaws.com/openneuro.org/ds001734/sub-049/func/sub-049_task-MGT_run-02_events.tsv,ds001734,CC0-1.0,2026-06-08,d61952f24fcfb0063c415ef580d067b7c6748f7a3585c44acfd5d170541de97d,data/raw/ds001734/sub-049_task-MGT_run-02_events.tsv
sub-049_task-MGT_run-03_events.tsv,https://s3.amazonaws.com/openneuro.org/ds001734/sub-049/func/sub-049_task-MGT_run-03_events.tsv,ds001734,CC0-1.0,2026-06-08,cb9597becbac57e562fa6f0740d89fb25bd048a822a64d7abd8e0993d7eb1ae0,data/raw/ds001734/sub-049_task-MGT_run-03_events.tsv
sub-049_task-MGT_run-04_events.tsv,https://s3.amazonaws.com/openneuro.org/ds001734/sub-049/func/sub-049_task-MGT_run-04_events.tsv,ds001734,CC0-1.0,2026-06-08,d6b45690298460b468c03b83928f7216ff24abe8dc1c55a0b912793315af241e,data/raw/ds001734/sub-049_task-MGT_run-04_events.tsv
sub-050_task-MGT_run-01_events.tsv,https://s3.amazonaws.com/openneuro.org/ds001734/sub-050/func/sub-050_task-MGT_run-01_events.tsv,ds001734,CC0-1.0,2026-06-08,355c098547ab5ecdc0bbe02d9845bb4700825dd4ebf0fb7709205405994f2c18,data/raw/ds001734/sub-050_task-MGT_run-01_events.tsv
sub-050_task-MGT_run-02_events.tsv,https://s3.amazonaws.com/openneuro.org/ds001734/sub-050/func/sub-050_task-MGT_run-02_events.tsv,ds001734,CC0-1.0,2026-06-08,171bc0b6c0252a245471cb583c3279c5ed3e049504e16b60039dc76f025d32c5,data/raw/ds001734/sub-050_task-MGT_run-02_events.tsv
sub-050_task-MGT_run-03_events.tsv,https://s3.amazonaws.com/openneuro.org/ds001734/sub-050/func/sub-050_task-MGT_run-03_events.tsv,ds001734,CC0-1.0,2026-06-08,826da3599b727e26a80e73734ea823e59e8dfb8e3e3a3801328fd389ea65cd1e,data/raw/ds001734/sub-050_task-MGT_run-03_events.tsv
sub-050_task-MGT_run-04_events.tsv,https://s3.amazonaws.com/openneuro.org/ds001734/sub-050/func/sub-050_task-MGT_run-04_events.tsv,ds001734,CC0-1.0,2026-06-08,50f0639e87b2f809f00b3984f89885af5ec455c9aa3124e4519ab91082cf0b8b,data/raw/ds001734/sub-050_task-MGT_run-04_events.tsv
sub-051_task-MGT_run-01_events.tsv,https://s3.amazonaws.com/openneuro.org/ds001734/sub-051/func/sub-051_task-MGT_run-01_events.tsv,ds001734,CC0-1.0,2026-06-08,5cf27159b129a1a64e757964d7718cdc7e4e512d3db6cd3cb54d8b2445ed8643,data/raw/ds001734/sub-051_task-MGT_run-01_events.tsv
sub-051_task-MGT_run-02_events.tsv,https://s3.amazonaws.com/openneuro.org/ds001734/sub-051/func/sub-051_task-MGT_run-02_events.tsv,ds001734,CC0-1.0,2026-06-08,4ec5c68436a998bf884dca19313760120bb6f66744fa210a869e238184e4d060,data/raw/ds001734/sub-051_task-MGT_run-02_events.tsv
sub-051_task-MGT_run-03_events.tsv,https://s3.amazonaws.com/openneuro.org/ds001734/sub-051/func/sub-051_task-MGT_run-03_events.tsv,ds001734,CC0-1.0,2026-06-08,a5f03730ebad7e770f6b0da8e8f3520c5d8ac6072e53489c262ad83e96a4bcdd,data/raw/ds001734/sub-051_task-MGT_run-03_events.tsv
sub-051_task-MGT_run-04_events.tsv,https://s3.amazonaws.com/openneuro.org/ds001734/sub-051/func/sub-051_task-MGT_run-04_events.tsv,ds001734,CC0-1.0,2026-06-08,9d88e741fdf8130787126787d5abb5d8b959904761888e1d39dcfd262be7e7e6,data/raw/ds001734/sub-051_task-MGT_run-04_events.tsv
sub-052_task-MGT_run-01_events.tsv,https://s3.amazonaws.com/openneuro.org/ds001734/sub-052/func/sub-052_task-MGT_run-01_events.tsv,ds001734,CC0-1.0,2026-06-08,ae4001a9fe61b68e7574eca35dbc4d7608934a2b963c2111df6b4a9b0973175f,data/raw/ds001734/sub-052_task-MGT_run-01_events.tsv
sub-052_task-MGT_run-02_events.tsv,https://s3.amazonaws.com/openneuro.org/ds001734/sub-052/func/sub-052_task-MGT_run-02_events.tsv,ds001734,CC0-1.0,2026-06-08,8233eab11778a7d9453424bb24d34fe6cf246ffe0b9d8c4b26074d9d85c94fc6,data/raw/ds001734/sub-052_task-MGT_run-02_events.tsv
sub-052_task-MGT_run-03_events.tsv,https://s3.amazonaws.com/openneuro.org/ds001734/sub-052/func/sub-052_task-MGT_run-03_events.tsv,ds001734,CC0-1.0,2026-06-08,7abdd1ddf4cf32c7c4191889a33ef3cfe0cd6abb8ffc3c9b3e931047639ec1e3,data/raw/ds001734/sub-052_task-MGT_run-03_events.tsv
sub-052_task-MGT_run-04_events.tsv,https://s3.amazonaws.com/openneuro.org/ds001734/sub-052/func/sub-052_task-MGT_run-04_events.tsv,ds001734,CC0-1.0,2026-06-08,e9ef0f0589f4c0d2eba8d0b315e3fd6ad4a5f55be484fcc5f38c4315e47f2880,data/raw/ds001734/sub-052_task-MGT_run-04_events.tsv
sub-053_task-MGT_run-01_events.tsv,https://s3.amazonaws.com/openneuro.org/ds001734/sub-053/func/sub-053_task-MGT_run-01_events.tsv,ds001734,CC0-1.0,2026-06-08,6d3912538fd1eadac32a51d504e0c4e2d7b57719846ff419dfdaa691763c1921,data/raw/ds001734/sub-053_task-MGT_run-01_events.tsv
sub-053_task-MGT_run-02_events.tsv,https://s3.amazonaws.com/openneuro.org/ds001734/sub-053/func/sub-053_task-MGT_run-02_events.tsv,ds001734,CC0-1.0,2026-06-08,6d76e6baf0e099dd6751126b8201d2245a9f61ad7022e763fa37bad5aa4417a6,data/raw/ds001734/sub-053_task-MGT_run-02_events.tsv
sub-053_task-MGT_run-03_events.tsv,https://s3.amazonaws.com/openneuro.org/ds001734/sub-053/func/sub-053_task-MGT_run-03_events.tsv,ds001734,CC0-1.0,2026-06-08,8059ef31dca749bd66f99766f1bb4d0c618dd3628850a6a1f86cd5d3115c119e,data/raw/ds001734/sub-053_task-MGT_run-03_events.tsv
sub-053_task-MGT_run-04_events.tsv,https://s3.amazonaws.com/openneuro.org/ds001734/sub-053/func/sub-053_task-MGT_run-04_events.tsv,ds001734,CC0-1.0,2026-06-08,2243dc1973e32c4eb4aecf72d63a03c739b0fe3a69891072f8c7f23b3412ab0f,data/raw/ds001734/sub-053_task-MGT_run-04_events.tsv
sub-054_task-MGT_run-01_events.tsv,https://s3.amazonaws.com/openneuro.org/ds001734/sub-054/func/sub-054_task-MGT_run-01_events.tsv,ds001734,CC0-1.0,2026-06-08,d5014dccc7df65fb9d4232a2afc45d15483da386e4684f0b56f55f3af8d7dd38,data/raw/ds001734/sub-054_task-MGT_run-01_events.tsv
sub-054_task-MGT_run-02_events.tsv,https://s3.amazonaws.com/openneuro.org/ds001734/sub-054/func/sub-054_task-MGT_run-02_events.tsv,ds001734,CC0-1.0,2026-06-08,79f1f10a3d0590dd9f7ebe11f0ec31185755e1cc5ef072e3d4397183d406c440,data/raw/ds001734/sub-054_task-MGT_run-02_events.tsv
sub-054_task-MGT_run-03_events.tsv,https://s3.amazonaws.com/openneuro.org/ds001734/sub-054/func/sub-054_task-MGT_run-03_events.tsv,ds001734,CC0-1.0,2026-06-08,4299a294419f4a9c5ffc68a70d0c6af7314871babd61dac47e1c9afa2d9b2d45,data/raw/ds001734/sub-054_task-MGT_run-03_events.tsv
sub-054_task-MGT_run-04_events.tsv,https://s3.amazonaws.com/openneuro.org/ds001734/sub-054/func/sub-054_task-MGT_run-04_events.tsv,ds001734,CC0-1.0,2026-06-08,9247a56f8db4c9bc022bdf9ef91a240b7be2d3362688b7779b20902307138d8e,data/raw/ds001734/sub-054_task-MGT_run-04_events.tsv
sub-055_task-MGT_run-01_events.tsv,https://s3.amazonaws.com/openneuro.org/ds001734/sub-055/func/sub-055_task-MGT_run-01_events.tsv,ds001734,CC0-1.0,2026-06-08,3ada2573a1c39d25b76d2f7d9c2ff73fe4b84131a9003abb87eca69c6d5397e1,data/raw/ds001734/sub-055_task-MGT_run-01_events.tsv
sub-055_task-MGT_run-02_events.tsv,https://s3.amazonaws.com/openneuro.org/ds001734/sub-055/func/sub-055_task-MGT_run-02_events.tsv,ds001734,CC0-1.0,2026-06-08,5c5f6aff55f064d7676b4c67ab5c3ed8e5f8c0898294f5a993ef3853625cf0c2,data/raw/ds001734/sub-055_task-MGT_run-02_events.tsv
sub-055_task-MGT_run-03_events.tsv,https://s3.amazonaws.com/openneuro.org/ds001734/sub-055/func/sub-055_task-MGT_run-03_events.tsv,ds001734,CC0-1.0,2026-06-08,accc27ab4adf6ac93b9fcc071797bd999f98f34aae31ea25d3ec6dddd75a2f43,data/raw/ds001734/sub-055_task-MGT_run-03_events.tsv
sub-055_task-MGT_run-04_events.tsv,https://s3.amazonaws.com/openneuro.org/ds001734/sub-055/func/sub-055_task-MGT_run-04_events.tsv,ds001734,CC0-1.0,2026-06-08,5013d76ceecefac1d1275d3f8ca7729f734bfbee0e3c12a27a57544980a170cd,data/raw/ds001734/sub-055_task-MGT_run-04_events.tsv
sub-056_task-MGT_run-01_events.tsv,https://s3.amazonaws.com/openneuro.org/ds001734/sub-056/func/sub-056_task-MGT_run-01_events.tsv,ds001734,CC0-1.0,2026-06-08,f5bf6d55fbc98749899f1ea5ffb4bf8b00e11e2c34650dacb8fba65f7fee50c4,data/raw/ds001734/sub-056_task-MGT_run-01_events.tsv
sub-056_task-MGT_run-02_events.tsv,https://s3.amazonaws.com/openneuro.org/ds001734/sub-056/func/sub-056_task-MGT_run-02_events.tsv,ds001734,CC0-1.0,2026-06-08,97fdb2e841957c5e6c11262de39668e580a0e01fcbc9d0d43f5216be1b4a3054,data/raw/ds001734/sub-056_task-MGT_run-02_events.tsv
sub-056_task-MGT_run-03_events.tsv,https://s3.amazonaws.com/openneuro.org/ds001734/sub-056/func/sub-056_task-MGT_run-03_events.tsv,ds001734,CC0-1.0,2026-06-08,58201e2368028baf84640acf8d7ad20b3f9380e03e9dc4f3fbe9d991224f1a5e,data/raw/ds001734/sub-056_task-MGT_run-03_events.tsv
sub-056_task-MGT_run-04_events.tsv,https://s3.amazonaws.com/openneuro.org/ds001734/sub-056/func/sub-056_task-MGT_run-04_events.tsv,ds001734,CC0-1.0,2026-06-08,84f0f8a4f35f2d2807cab74aa2bb47bd905d571b08044e7418ad1cadb1ee6fd2,data/raw/ds001734/sub-056_task-MGT_run-04_events.tsv
sub-057_task-MGT_run-01_events.tsv,https://s3.amazonaws.com/openneuro.org/ds001734/sub-057/func/sub-057_task-MGT_run-01_events.tsv,ds001734,CC0-1.0,2026-06-08,a57b6149b7f01c63bde073436a77f7cce18f378641287de9a54599fe73d801ce,data/raw/ds001734/sub-057_task-MGT_run-01_events.tsv
sub-057_task-MGT_run-02_events.tsv,https://s3.amazonaws.com/openneuro.org/ds001734/sub-057/func/sub-057_task-MGT_run-02_events.tsv,ds001734,CC0-1.0,2026-06-08,8170c8a2dc6602d87428ba87f532a789d9ff46a78fb61f61920c30d51a1ab016,data/raw/ds001734/sub-057_task-MGT_run-02_events.tsv
sub-057_task-MGT_run-03_events.tsv,https://s3.amazonaws.com/openneuro.org/ds001734/sub-057/func/sub-057_task-MGT_run-03_events.tsv,ds001734,CC0-1.0,2026-06-08,3de44a71b30027f80e59ea7fa3c062d6410731b0c10873bf8a183c3b0c94d80f,data/raw/ds001734/sub-057_task-MGT_run-03_events.tsv
sub-057_task-MGT_run-04_events.tsv,https://s3.amazonaws.com/openneuro.org/ds001734/sub-057/func/sub-057_task-MGT_run-04_events.tsv,ds001734,CC0-1.0,2026-06-08,f6c23b0d9f82ac7c1aa247870e340bdb407383297ae77690d503964b58430f4a,data/raw/ds001734/sub-057_task-MGT_run-04_events.tsv
sub-058_task-MGT_run-01_events.tsv,https://s3.amazonaws.com/openneuro.org/ds001734/sub-058/func/sub-058_task-MGT_run-01_events.tsv,ds001734,CC0-1.0,2026-06-08,8bb29c1695c8b5d10938e660486fb933560dbcc9f54991fe37ae6f70aa7eb9c0,data/raw/ds001734/sub-058_task-MGT_run-01_events.tsv
sub-058_task-MGT_run-02_events.tsv,https://s3.amazonaws.com/openneuro.org/ds001734/sub-058/func/sub-058_task-MGT_run-02_events.tsv,ds001734,CC0-1.0,2026-06-08,a5958c72f1f02bf4354ebadc7bbde5834ecec2cbf8de846e1d24dd67bfd3233f,data/raw/ds001734/sub-058_task-MGT_run-02_events.tsv
sub-058_task-MGT_run-03_events.tsv,https://s3.amazonaws.com/openneuro.org/ds001734/sub-058/func/sub-058_task-MGT_run-03_events.tsv,ds001734,CC0-1.0,2026-06-08,61ec540c507348f35149b83bb4ba8bc28204fbfc88e38094c2ebe6072f06f17e,data/raw/ds001734/sub-058_task-MGT_run-03_events.tsv
sub-058_task-MGT_run-04_events.tsv,https://s3.amazonaws.com/openneuro.org/ds001734/sub-058/func/sub-058_task-MGT_run-04_events.tsv,ds001734,CC0-1.0,2026-06-08,7bb0abc760e365e46cf94b02dcffef4369e74b342c3d4de733f9162089f3f2f3,data/raw/ds001734/sub-058_task-MGT_run-04_events.tsv
sub-059_task-MGT_run-01_events.tsv,https://s3.amazonaws.com/openneuro.org/ds001734/sub-059/func/sub-059_task-MGT_run-01_events.tsv,ds001734,CC0-1.0,2026-06-08,a6136961e9d01963a663884184f9b4660171f468d4aa60ffb85407f7a76c3bac,data/raw/ds001734/sub-059_task-MGT_run-01_events.tsv
sub-059_task-MGT_run-02_events.tsv,https://s3.amazonaws.com/openneuro.org/ds001734/sub-059/func/sub-059_task-MGT_run-02_events.tsv,ds001734,CC0-1.0,2026-06-08,077b41c9d6492085909f5a9bfca0389ac6c68e1cb87c909ffb266845e25e3fa8,data/raw/ds001734/sub-059_task-MGT_run-02_events.tsv
sub-059_task-MGT_run-03_events.tsv,https://s3.amazonaws.com/openneuro.org/ds001734/sub-059/func/sub-059_task-MGT_run-03_events.tsv,ds001734,CC0-1.0,2026-06-08,823df01f104f6cfb36fee412a2c44f69ffcfa3d126bc0cf77a7493eb918365a0,data/raw/ds001734/sub-059_task-MGT_run-03_events.tsv
sub-059_task-MGT_run-04_events.tsv,https://s3.amazonaws.com/openneuro.org/ds001734/sub-059/func/sub-059_task-MGT_run-04_events.tsv,ds001734,CC0-1.0,2026-06-08,15faf72b0323b11cfe6f7f8be867e459a793bcfcae5a25f8315c8a579e90d21e,data/raw/ds001734/sub-059_task-MGT_run-04_events.tsv
sub-060_task-MGT_run-01_events.tsv,https://s3.amazonaws.com/openneuro.org/ds001734/sub-060/func/sub-060_task-MGT_run-01_events.tsv,ds001734,CC0-1.0,2026-06-08,592068bb46f03f7908934a043a5c6f238fad4cceab7aa7d0b062fb9aa4b6d3cc,data/raw/ds001734/sub-060_task-MGT_run-01_events.tsv
sub-060_task-MGT_run-02_events.tsv,https://s3.amazonaws.com/openneuro.org/ds001734/sub-060/func/sub-060_task-MGT_run-02_events.tsv,ds001734,CC0-1.0,2026-06-08,90d853dbd89e18656f3e0053c591e5d3c4504ca643d2157b0163a2e804029d2e,data/raw/ds001734/sub-060_task-MGT_run-02_events.tsv
sub-060_task-MGT_run-03_events.tsv,https://s3.amazonaws.com/openneuro.org/ds001734/sub-060/func/sub-060_task-MGT_run-03_events.tsv,ds001734,CC0-1.0,2026-06-08,f4eeb232880199419cca4536e49462da89124371652763dbe465c9295b2bc38e,data/raw/ds001734/sub-060_task-MGT_run-03_events.tsv
sub-060_task-MGT_run-04_events.tsv,https://s3.amazonaws.com/openneuro.org/ds001734/sub-060/func/sub-060_task-MGT_run-04_events.tsv,ds001734,CC0-1.0,2026-06-08,53b89362bac058a2833dcc0a72e4c5cc2b720d9640b76cabd6741a297869f10c,data/raw/ds001734/sub-060_task-MGT_run-04_events.tsv
sub-061_task-MGT_run-01_events.tsv,https://s3.amazonaws.com/openneuro.org/ds001734/sub-061/func/sub-061_task-MGT_run-01_events.tsv,ds001734,CC0-1.0,2026-06-08,f3bf07a5782629b859021774ad5b9309374e60c54033e8578df242aca9ac7f1e,data/raw/ds001734/sub-061_task-MGT_run-01_events.tsv
sub-061_task-MGT_run-02_events.tsv,https://s3.amazonaws.com/openneuro.org/ds001734/sub-061/func/sub-061_task-MGT_run-02_events.tsv,ds001734,CC0-1.0,2026-06-08,ad3af19496522b60e14fe6579d55c0d1c250ba46ae89e998e48c667feec63940,data/raw/ds001734/sub-061_task-MGT_run-02_events.tsv
sub-061_task-MGT_run-03_events.tsv,https://s3.amazonaws.com/openneuro.org/ds001734/sub-061/func/sub-061_task-MGT_run-03_events.tsv,ds001734,CC0-1.0,2026-06-08,3f9ba8d78a5de89b64a964d160e69a3d9dd0fb775c1ea36a635eecea13c96025,data/raw/ds001734/sub-061_task-MGT_run-03_events.tsv
sub-061_task-MGT_run-04_events.tsv,https://s3.amazonaws.com/openneuro.org/ds001734/sub-061/func/sub-061_task-MGT_run-04_events.tsv,ds001734,CC0-1.0,2026-06-08,15f8a750a56eaee7f533a1af2252542dd3c1c168297b37b519a8eebe2ba9f760,data/raw/ds001734/sub-061_task-MGT_run-04_events.tsv
sub-062_task-MGT_run-01_events.tsv,https://s3.amazonaws.com/openneuro.org/ds001734/sub-062/func/sub-062_task-MGT_run-01_events.tsv,ds001734,CC0-1.0,2026-06-08,7c437c2609885dda26ba7f4dfa9547f9643cf227add209cb3b0dbac30e411824,data/raw/ds001734/sub-062_task-MGT_run-01_events.tsv
sub-062_task-MGT_run-02_events.tsv,https://s3.amazonaws.com/openneuro.org/ds001734/sub-062/func/sub-062_task-MGT_run-02_events.tsv,ds001734,CC0-1.0,2026-06-08,4c21e0e1f3a24f6f5aa8ad8bd15617fabe720a892039414760e0650d775ba0ab,data/raw/ds001734/sub-062_task-MGT_run-02_events.tsv
sub-062_task-MGT_run-03_events.tsv,https://s3.amazonaws.com/openneuro.org/ds001734/sub-062/func/sub-062_task-MGT_run-03_events.tsv,ds001734,CC0-1.0,2026-06-08,2e20656bd0371af74083fbaafe27f5f0132481d1f50d5c59fd9a6b1050976419,data/raw/ds001734/sub-062_task-MGT_run-03_events.tsv
sub-062_task-MGT_run-04_events.tsv,https://s3.amazonaws.com/openneuro.org/ds001734/sub-062/func/sub-062_task-MGT_run-04_events.tsv,ds001734,CC0-1.0,2026-06-08,41b7a58d8a1e6b14e637d2fff131da858c7f878174352726eac987037e9191a7,data/raw/ds001734/sub-062_task-MGT_run-04_events.tsv
sub-063_task-MGT_run-01_events.tsv,https://s3.amazonaws.com/openneuro.org/ds001734/sub-063/func/sub-063_task-MGT_run-01_events.tsv,ds001734,CC0-1.0,2026-06-08,a73244e0934acc8689e62f2058a118730091e3776ee491cac0b6144193e5eafc,data/raw/ds001734/sub-063_task-MGT_run-01_events.tsv
sub-063_task-MGT_run-02_events.tsv,https://s3.amazonaws.com/openneuro.org/ds001734/sub-063/func/sub-063_task-MGT_run-02_events.tsv,ds001734,CC0-1.0,2026-06-08,4be82eb4cd915047458d7c670e5102b789857533d751e89ade8b4561ad23ce89,data/raw/ds001734/sub-063_task-MGT_run-02_events.tsv
sub-063_task-MGT_run-03_events.tsv,https://s3.amazonaws.com/openneuro.org/ds001734/sub-063/func/sub-063_task-MGT_run-03_events.tsv,ds001734,CC0-1.0,2026-06-08,6dffd284f99d5b9f5c8e6d744d8327cc09d4ce1b66ad9dd32fd7b8bba89b1415,data/raw/ds001734/sub-063_task-MGT_run-03_events.tsv
sub-063_task-MGT_run-04_events.tsv,https://s3.amazonaws.com/openneuro.org/ds001734/sub-063/func/sub-063_task-MGT_run-04_events.tsv,ds001734,CC0-1.0,2026-06-08,8669d6ee854a1c379abd2a1fde0b39d76a537a71891fed11563280bcc1922bdb,data/raw/ds001734/sub-063_task-MGT_run-04_events.tsv
sub-064_task-MGT_run-01_events.tsv,https://s3.amazonaws.com/openneuro.org/ds001734/sub-064/func/sub-064_task-MGT_run-01_events.tsv,ds001734,CC0-1.0,2026-06-08,9ce9596c3d2432c93384acc0b91ae1e2059a1689b168d4b7dd8ea1fe5cf677aa,data/raw/ds001734/sub-064_task-MGT_run-01_events.tsv
sub-064_task-MGT_run-02_events.tsv,https://s3.amazonaws.com/openneuro.org/ds001734/sub-064/func/sub-064_task-MGT_run-02_events.tsv,ds001734,CC0-1.0,2026-06-08,5cd165437906ccf7ca0444c98465ef67c16d8c77a463faa36f2ce00f9998e4ab,data/raw/ds001734/sub-064_task-MGT_run-02_events.tsv
sub-064_task-MGT_run-03_events.tsv,https://s3.amazonaws.com/openneuro.org/ds001734/sub-064/func/sub-064_task-MGT_run-03_events.tsv,ds001734,CC0-1.0,2026-06-08,6455efb256eae2441e4bbb5e48f71f9c833aec605b528508fbe260b1a7d95f15,data/raw/ds001734/sub-064_task-MGT_run-03_events.tsv
sub-064_task-MGT_run-04_events.tsv,https://s3.amazonaws.com/openneuro.org/ds001734/sub-064/func/sub-064_task-MGT_run-04_events.tsv,ds001734,CC0-1.0,2026-06-08,b57be52fa065aa3f68cf7ebe4eed509cc2730e235557ce1bba09349e82524113,data/raw/ds001734/sub-064_task-MGT_run-04_events.tsv
sub-066_task-MGT_run-01_events.tsv,https://s3.amazonaws.com/openneuro.org/ds001734/sub-066/func/sub-066_task-MGT_run-01_events.tsv,ds001734,CC0-1.0,2026-06-08,c307c9b82ac36b983052dd30a74fb5c32baf9731d17258ed9053bc27ae2fc06d,data/raw/ds001734/sub-066_task-MGT_run-01_events.tsv
sub-066_task-MGT_run-02_events.tsv,https://s3.amazonaws.com/openneuro.org/ds001734/sub-066/func/sub-066_task-MGT_run-02_events.tsv,ds001734,CC0-1.0,2026-06-08,e53e95dbdead366175d1902054d00ed69c6e7ebd1d4c4729a098e0d3f19efcec,data/raw/ds001734/sub-066_task-MGT_run-02_events.tsv
sub-066_task-MGT_run-03_events.tsv,https://s3.amazonaws.com/openneuro.org/ds001734/sub-066/func/sub-066_task-MGT_run-03_events.tsv,ds001734,CC0-1.0,2026-06-08,a11da1b07e8cfc80c167f1a860ff0638d681756c797d8514a7b1ffb8c52dfb58,data/raw/ds001734/sub-066_task-MGT_run-03_events.tsv
sub-066_task-MGT_run-04_events.tsv,https://s3.amazonaws.com/openneuro.org/ds001734/sub-066/func/sub-066_task-MGT_run-04_events.tsv,ds001734,CC0-1.0,2026-06-08,49f0bf5f877d5bd3368d7cb76ae4ae07e4b4c56985f86705e1ac724964eac6d3,data/raw/ds001734/sub-066_task-MGT_run-04_events.tsv
sub-067_task-MGT_run-01_events.tsv,https://s3.amazonaws.com/openneuro.org/ds001734/sub-067/func/sub-067_task-MGT_run-01_events.tsv,ds001734,CC0-1.0,2026-06-08,3e13e525e5eefcdaa522dae3e8ee4682ef37ba9cadbf0cc495ed7a7b997b7ec8,data/raw/ds001734/sub-067_task-MGT_run-01_events.tsv
sub-067_task-MGT_run-02_events.tsv,https://s3.amazonaws.com/openneuro.org/ds001734/sub-067/func/sub-067_task-MGT_run-02_events.tsv,ds001734,CC0-1.0,2026-06-08,010cec4a9aac90d37af5c61603cac119bbec95ba61daca43b36b01be833e0d81,data/raw/ds001734/sub-067_task-MGT_run-02_events.tsv
sub-067_task-MGT_run-03_events.tsv,https://s3.amazonaws.com/openneuro.org/ds001734/sub-067/func/sub-067_task-MGT_run-03_events.tsv,ds001734,CC0-1.0,2026-06-08,c8a526d5bb5c6d6f44b133d8f9adadb2b468f77aeb245cb66fc4076c5e25e596,data/raw/ds001734/sub-067_task-MGT_run-03_events.tsv
sub-067_task-MGT_run-04_events.tsv,https://s3.amazonaws.com/openneuro.org/ds001734/sub-067/func/sub-067_task-MGT_run-04_events.tsv,ds001734,CC0-1.0,2026-06-08,54cc03f2bf8d003cd9670ff6fa81fdac09ea73092ec0745fd8ec71f7a42e208d,data/raw/ds001734/sub-067_task-MGT_run-04_events.tsv
sub-068_task-MGT_run-01_events.tsv,https://s3.amazonaws.com/openneuro.org/ds001734/sub-068/func/sub-068_task-MGT_run-01_events.tsv,ds001734,CC0-1.0,2026-06-08,42840bcf9a4d89bd16f6f8ba4725789d7d64429e29fd148ed23d2c492fce2919,data/raw/ds001734/sub-068_task-MGT_run-01_events.tsv
sub-068_task-MGT_run-02_events.tsv,https://s3.amazonaws.com/openneuro.org/ds001734/sub-068/func/sub-068_task-MGT_run-02_events.tsv,ds001734,CC0-1.0,2026-06-08,c5903b6168bb5206c8135bb3d0b653ec50adf38d6bdc21cd05af21157c5e170a,data/raw/ds001734/sub-068_task-MGT_run-02_events.tsv
sub-068_task-MGT_run-03_events.tsv,https://s3.amazonaws.com/openneuro.org/ds001734/sub-068/func/sub-068_task-MGT_run-03_events.tsv,ds001734,CC0-1.0,2026-06-08,22a229a8df916542af8840d33e736f1bd2476eb646ef5bcdf4fe74a3a8f3d12b,data/raw/ds001734/sub-068_task-MGT_run-03_events.tsv
sub-068_task-MGT_run-04_events.tsv,https://s3.amazonaws.com/openneuro.org/ds001734/sub-068/func/sub-068_task-MGT_run-04_events.tsv,ds001734,CC0-1.0,2026-06-08,334a6b6e040eda2cb736e27322ef240105c72f66c8267f82ca3d809310ad694e,data/raw/ds001734/sub-068_task-MGT_run-04_events.tsv
sub-069_task-MGT_run-01_events.tsv,https://s3.amazonaws.com/openneuro.org/ds001734/sub-069/func/sub-069_task-MGT_run-01_events.tsv,ds001734,CC0-1.0,2026-06-08,a423e56a9cc6d8afc97a4a2ad09c3e3292ed4d454ab0be8a19a898fb007138d4,data/raw/ds001734/sub-069_task-MGT_run-01_events.tsv
sub-069_task-MGT_run-02_events.tsv,https://s3.amazonaws.com/openneuro.org/ds001734/sub-069/func/sub-069_task-MGT_run-02_events.tsv,ds001734,CC0-1.0,2026-06-08,1429fff0ec6efa7cedbb7285566210f4a52cbddccc85c8d09be2cff9c6342b22,data/raw/ds001734/sub-069_task-MGT_run-02_events.tsv
sub-069_task-MGT_run-03_events.tsv,https://s3.amazonaws.com/openneuro.org/ds001734/sub-069/func/sub-069_task-MGT_run-03_events.tsv,ds001734,CC0-1.0,2026-06-08,bbcfd88832e8467ba77e70254ccac58b691315875f93be2ac95c61eae8c57916,data/raw/ds001734/sub-069_task-MGT_run-03_events.tsv
sub-069_task-MGT_run-04_events.tsv,https://s3.amazonaws.com/openneuro.org/ds001734/sub-069/func/sub-069_task-MGT_run-04_events.tsv,ds001734,CC0-1.0,2026-06-08,9cd792ae325910c3d328670f98e0e6503e5883b33ce46f67a41e018e74077c6b,data/raw/ds001734/sub-069_task-MGT_run-04_events.tsv
sub-070_task-MGT_run-01_events.tsv,https://s3.amazonaws.com/openneuro.org/ds001734/sub-070/func/sub-070_task-MGT_run-01_events.tsv,ds001734,CC0-1.0,2026-06-08,1264afc4af1287dc9f27b2a9ba307efc77f0e27d9063a748a9dd9bd283ef7b94,data/raw/ds001734/sub-070_task-MGT_run-01_events.tsv
sub-070_task-MGT_run-02_events.tsv,https://s3.amazonaws.com/openneuro.org/ds001734/sub-070/func/sub-070_task-MGT_run-02_events.tsv,ds001734,CC0-1.0,2026-06-08,c0f86e418af0df9988bed87f6f87a3daaa26340c80c77f46eeb7a8a14b691d04,data/raw/ds001734/sub-070_task-MGT_run-02_events.tsv
sub-070_task-MGT_run-03_events.tsv,https://s3.amazonaws.com/openneuro.org/ds001734/sub-070/func/sub-070_task-MGT_run-03_events.tsv,ds001734,CC0-1.0,2026-06-08,ed3cfb2aaa3d6991979b1755cdafa46fa910833dffbc7469e209691e7043f0fc,data/raw/ds001734/sub-070_task-MGT_run-03_events.tsv
sub-070_task-MGT_run-04_events.tsv,https://s3.amazonaws.com/openneuro.org/ds001734/sub-070/func/sub-070_task-MGT_run-04_events.tsv,ds001734,CC0-1.0,2026-06-08,bfb9b7dc76c837dddce31a14fe95011feb82744af2ef76d2133275f3136403b2,data/raw/ds001734/sub-070_task-MGT_run-04_events.tsv
sub-071_task-MGT_run-01_events.tsv,https://s3.amazonaws.com/openneuro.org/ds001734/sub-071/func/sub-071_task-MGT_run-01_events.tsv,ds001734,CC0-1.0,2026-06-08,210d50b3847409463dba1537d574755d28bbe58a3c5c21185c9c3fb7c948be98,data/raw/ds001734/sub-071_task-MGT_run-01_events.tsv
sub-071_task-MGT_run-02_events.tsv,https://s3.amazonaws.com/openneuro.org/ds001734/sub-071/func/sub-071_task-MGT_run-02_events.tsv,ds001734,CC0-1.0,2026-06-08,556367878df07e89c3e0cffc12990af30c88fbb7622b5bc3bb6dfdbef6c8787d,data/raw/ds001734/sub-071_task-MGT_run-02_events.tsv
sub-071_task-MGT_run-03_events.tsv,https://s3.amazonaws.com/openneuro.org/ds001734/sub-071/func/sub-071_task-MGT_run-03_events.tsv,ds001734,CC0-1.0,2026-06-08,fb131bd337ab632a4400a5bfd8ed5e68e950e5376a45eca6e02b71b54472aa5e,data/raw/ds001734/sub-071_task-MGT_run-03_events.tsv
sub-071_task-MGT_run-04_events.tsv,https://s3.amazonaws.com/openneuro.org/ds001734/sub-071/func/sub-071_task-MGT_run-04_events.tsv,ds001734,CC0-1.0,2026-06-08,ee41d90313a9cd6e87523c32e417fda1e6e55a69d6e3a2c6b82529a558d31caa,data/raw/ds001734/sub-071_task-MGT_run-04_events.tsv
sub-072_task-MGT_run-01_events.tsv,https://s3.amazonaws.com/openneuro.org/ds001734/sub-072/func/sub-072_task-MGT_run-01_events.tsv,ds001734,CC0-1.0,2026-06-08,74160baea533dadbc199a7aac67eb14afeb1608fbeb8e4bc9b710e87e6cbe622,data/raw/ds001734/sub-072_task-MGT_run-01_events.tsv
sub-072_task-MGT_run-02_events.tsv,https://s3.amazonaws.com/openneuro.org/ds001734/sub-072/func/sub-072_task-MGT_run-02_events.tsv,ds001734,CC0-1.0,2026-06-08,55229fa5f091198434e78ef5b09979e666fea805441a8e0b40c557eb67d340b9,data/raw/ds001734/sub-072_task-MGT_run-02_events.tsv
sub-072_task-MGT_run-03_events.tsv,https://s3.amazonaws.com/openneuro.org/ds001734/sub-072/func/sub-072_task-MGT_run-03_events.tsv,ds001734,CC0-1.0,2026-06-08,3fa435bab51ee29e64f97ba27ccd6641d867bd49688fb704542e415a3ac82d33,data/raw/ds001734/sub-072_task-MGT_run-03_events.tsv
sub-072_task-MGT_run-04_events.tsv,https://s3.amazonaws.com/openneuro.org/ds001734/sub-072/func/sub-072_task-MGT_run-04_events.tsv,ds001734,CC0-1.0,2026-06-08,c4b0eb71dbf120c635335a0d51f885f745659f54c4f0a0b8933898d5b3412f8c,data/raw/ds001734/sub-072_task-MGT_run-04_events.tsv
sub-073_task-MGT_run-01_events.tsv,https://s3.amazonaws.com/openneuro.org/ds001734/sub-073/func/sub-073_task-MGT_run-01_events.tsv,ds001734,CC0-1.0,2026-06-08,8af9ba2d67301390298d79a506113e72c22e73a3210a40c16fcc3f2cf239f580,data/raw/ds001734/sub-073_task-MGT_run-01_events.tsv
sub-073_task-MGT_run-02_events.tsv,https://s3.amazonaws.com/openneuro.org/ds001734/sub-073/func/sub-073_task-MGT_run-02_events.tsv,ds001734,CC0-1.0,2026-06-08,08351a80ac4758561c3dab11a55bc558284ee05b24efb4feb5a61c6b06e52b0d,data/raw/ds001734/sub-073_task-MGT_run-02_events.tsv
sub-073_task-MGT_run-03_events.tsv,https://s3.amazonaws.com/openneuro.org/ds001734/sub-073/func/sub-073_task-MGT_run-03_events.tsv,ds001734,CC0-1.0,2026-06-08,47c600b78e2c6fa9a7ad45c0065a84c6d56d58d8ca8a5a62755dcba37e013184,data/raw/ds001734/sub-073_task-MGT_run-03_events.tsv
sub-073_task-MGT_run-04_events.tsv,https://s3.amazonaws.com/openneuro.org/ds001734/sub-073/func/sub-073_task-MGT_run-04_events.tsv,ds001734,CC0-1.0,2026-06-08,1cbef7ad695507a761a6dc3cc0c7964ecf5479002e26bceab187cf532b7d8f04,data/raw/ds001734/sub-073_task-MGT_run-04_events.tsv
sub-074_task-MGT_run-01_events.tsv,https://s3.amazonaws.com/openneuro.org/ds001734/sub-074/func/sub-074_task-MGT_run-01_events.tsv,ds001734,CC0-1.0,2026-06-08,4a3ea5e8d8f2343c2304e490d9b4f5406c75e949de97dbc6af8cdd60bfc95f02,data/raw/ds001734/sub-074_task-MGT_run-01_events.tsv
sub-074_task-MGT_run-02_events.tsv,https://s3.amazonaws.com/openneuro.org/ds001734/sub-074/func/sub-074_task-MGT_run-02_events.tsv,ds001734,CC0-1.0,2026-06-08,7ad77f29d31b61da47e2425ee342d4b4c637210aa6bc2b19b6ef340b22dc5428,data/raw/ds001734/sub-074_task-MGT_run-02_events.tsv
sub-074_task-MGT_run-03_events.tsv,https://s3.amazonaws.com/openneuro.org/ds001734/sub-074/func/sub-074_task-MGT_run-03_events.tsv,ds001734,CC0-1.0,2026-06-08,10a51823ea11783af586e8c2525711315058cdbb91de8b42a6fb1f6a9b350568,data/raw/ds001734/sub-074_task-MGT_run-03_events.tsv
sub-074_task-MGT_run-04_events.tsv,https://s3.amazonaws.com/openneuro.org/ds001734/sub-074/func/sub-074_task-MGT_run-04_events.tsv,ds001734,CC0-1.0,2026-06-08,e7995069c834d3f17efef2feb1f52b29e29d61d3ea8c9c8502e9f2cc3c787f2c,data/raw/ds001734/sub-074_task-MGT_run-04_events.tsv
sub-075_task-MGT_run-01_events.tsv,https://s3.amazonaws.com/openneuro.org/ds001734/sub-075/func/sub-075_task-MGT_run-01_events.tsv,ds001734,CC0-1.0,2026-06-08,02d7de90497bf54776b6a79417394c457057ce94f58c4aa189847c21e54bc1d1,data/raw/ds001734/sub-075_task-MGT_run-01_events.tsv
sub-075_task-MGT_run-02_events.tsv,https://s3.amazonaws.com/openneuro.org/ds001734/sub-075/func/sub-075_task-MGT_run-02_events.tsv,ds001734,CC0-1.0,2026-06-08,d11e743a729a058128217718d52fee2b58730e37779f3ac14c36aaff711f6823,data/raw/ds001734/sub-075_task-MGT_run-02_events.tsv
sub-075_task-MGT_run-03_events.tsv,https://s3.amazonaws.com/openneuro.org/ds001734/sub-075/func/sub-075_task-MGT_run-03_events.tsv,ds001734,CC0-1.0,2026-06-08,ba2fe116d77ec010830121dc9ae95e7e4ec10c0627a5f69fae217c9da811e7cf,data/raw/ds001734/sub-075_task-MGT_run-03_events.tsv
sub-075_task-MGT_run-04_events.tsv,https://s3.amazonaws.com/openneuro.org/ds001734/sub-075/func/sub-075_task-MGT_run-04_events.tsv,ds001734,CC0-1.0,2026-06-08,27f390bb07bbc969238c380faaf8fa4d85927e9128c7fa3bfa8efbbfee24be4f,data/raw/ds001734/sub-075_task-MGT_run-04_events.tsv
sub-076_task-MGT_run-01_events.tsv,https://s3.amazonaws.com/openneuro.org/ds001734/sub-076/func/sub-076_task-MGT_run-01_events.tsv,ds001734,CC0-1.0,2026-06-08,bac03df205cd26aa0e576dbfb3158ae63e4fbdbefaf31a2e6fb5d71e33c4d932,data/raw/ds001734/sub-076_task-MGT_run-01_events.tsv
sub-076_task-MGT_run-02_events.tsv,https://s3.amazonaws.com/openneuro.org/ds001734/sub-076/func/sub-076_task-MGT_run-02_events.tsv,ds001734,CC0-1.0,2026-06-08,38b7d6ce0ee36690f0a5bc6340583bcabf03d461f48d6dc6a452bd9ebf165aef,data/raw/ds001734/sub-076_task-MGT_run-02_events.tsv
sub-076_task-MGT_run-03_events.tsv,https://s3.amazonaws.com/openneuro.org/ds001734/sub-076/func/sub-076_task-MGT_run-03_events.tsv,ds001734,CC0-1.0,2026-06-08,11a0ca920cfef97cd6f69ad37c36af34b9741f8fe4d7e6244ff6cb7dd0453d0a,data/raw/ds001734/sub-076_task-MGT_run-03_events.tsv
sub-076_task-MGT_run-04_events.tsv,https://s3.amazonaws.com/openneuro.org/ds001734/sub-076/func/sub-076_task-MGT_run-04_events.tsv,ds001734,CC0-1.0,2026-06-08,7f436149b1c994b128ec5c7f88f70c516d4b68b0bf355d9a3fc867687e470334,data/raw/ds001734/sub-076_task-MGT_run-04_events.tsv
sub-077_task-MGT_run-01_events.tsv,https://s3.amazonaws.com/openneuro.org/ds001734/sub-077/func/sub-077_task-MGT_run-01_events.tsv,ds001734,CC0-1.0,2026-06-08,3e95e39942027292da61af445b5e1ce346ba24a90c1470b504614e04f5d97218,data/raw/ds001734/sub-077_task-MGT_run-01_events.tsv
sub-077_task-MGT_run-02_events.tsv,https://s3.amazonaws.com/openneuro.org/ds001734/sub-077/func/sub-077_task-MGT_run-02_events.tsv,ds001734,CC0-1.0,2026-06-08,c7083ff5a37b6ff4138524bcff7fc2ab35908b26a2435beffe4ea7c9b7bb2194,data/raw/ds001734/sub-077_task-MGT_run-02_events.tsv
sub-077_task-MGT_run-03_events.tsv,https://s3.amazonaws.com/openneuro.org/ds001734/sub-077/func/sub-077_task-MGT_run-03_events.tsv,ds001734,CC0-1.0,2026-06-08,61746f79e792d46adc134352f93d78b5e93663cf9ba4dbe0d680906cff3f42e1,data/raw/ds001734/sub-077_task-MGT_run-03_events.tsv
sub-077_task-MGT_run-04_events.tsv,https://s3.amazonaws.com/openneuro.org/ds001734/sub-077/func/sub-077_task-MGT_run-04_events.tsv,ds001734,CC0-1.0,2026-06-08,d03e93d5ff5610f8b43c3448a6b43b4be7a27c8e371419e23deca0ba1b2a29a8,data/raw/ds001734/sub-077_task-MGT_run-04_events.tsv
sub-079_task-MGT_run-01_events.tsv,https://s3.amazonaws.com/openneuro.org/ds001734/sub-079/func/sub-079_task-MGT_run-01_events.tsv,ds001734,CC0-1.0,2026-06-08,0cee70272d10867fd538afe2c17f8df3630ae3cd46ba6b223750f8ebf9b99946,data/raw/ds001734/sub-079_task-MGT_run-01_events.tsv
sub-079_task-MGT_run-02_events.tsv,https://s3.amazonaws.com/openneuro.org/ds001734/sub-079/func/sub-079_task-MGT_run-02_events.tsv,ds001734,CC0-1.0,2026-06-08,c8a1520e56e282f0d9e374567551310f88c0671b680612ff1f5d7fd623fdd279,data/raw/ds001734/sub-079_task-MGT_run-02_events.tsv
sub-079_task-MGT_run-03_events.tsv,https://s3.amazonaws.com/openneuro.org/ds001734/sub-079/func/sub-079_task-MGT_run-03_events.tsv,ds001734,CC0-1.0,2026-06-08,c10828b6adfd9e695c6c4e4719581a7205f50f29190727d2e70940e6fe5bb698,data/raw/ds001734/sub-079_task-MGT_run-03_events.tsv
sub-079_task-MGT_run-04_events.tsv,https://s3.amazonaws.com/openneuro.org/ds001734/sub-079/func/sub-079_task-MGT_run-04_events.tsv,ds001734,CC0-1.0,2026-06-08,d4988e2b8a6f215b09de8f94f4bfa64a182c216b6307db66a0cca1f868041cd7,data/raw/ds001734/sub-079_task-MGT_run-04_events.tsv
sub-080_task-MGT_run-01_events.tsv,https://s3.amazonaws.com/openneuro.org/ds001734/sub-080/func/sub-080_task-MGT_run-01_events.tsv,ds001734,CC0-1.0,2026-06-08,b76caf6d76898865154e1b9c6b2bb05cf5eedbd29eb47d5a4c6cede2864a6265,data/raw/ds001734/sub-080_task-MGT_run-01_events.tsv
sub-080_task-MGT_run-02_events.tsv,https://s3.amazonaws.com/openneuro.org/ds001734/sub-080/func/sub-080_task-MGT_run-02_events.tsv,ds001734,CC0-1.0,2026-06-08,6bffc057242473d4fc9c7c3dda8242a6d042976d304362a3c82f10c53732a88e,data/raw/ds001734/sub-080_task-MGT_run-02_events.tsv
sub-080_task-MGT_run-03_events.tsv,https://s3.amazonaws.com/openneuro.org/ds001734/sub-080/func/sub-080_task-MGT_run-03_events.tsv,ds001734,CC0-1.0,2026-06-08,caa5badc4cf44e434e4e0832d38b5e0598a541310cbb72c378fc1f31eefb95a0,data/raw/ds001734/sub-080_task-MGT_run-03_events.tsv
sub-080_task-MGT_run-04_events.tsv,https://s3.amazonaws.com/openneuro.org/ds001734/sub-080/func/sub-080_task-MGT_run-04_events.tsv,ds001734,CC0-1.0,2026-06-08,0252e51e02cbf997460789db9f6675ba75c4ad71090922044626411e4926e8f9,data/raw/ds001734/sub-080_task-MGT_run-04_events.tsv
sub-081_task-MGT_run-01_events.tsv,https://s3.amazonaws.com/openneuro.org/ds001734/sub-081/func/sub-081_task-MGT_run-01_events.tsv,ds001734,CC0-1.0,2026-06-08,2a58c4c260eefde209e7efbab5986a5fbc00d9be23ea9a90f97b1a556edaf004,data/raw/ds001734/sub-081_task-MGT_run-01_events.tsv
sub-081_task-MGT_run-02_events.tsv,https://s3.amazonaws.com/openneuro.org/ds001734/sub-081/func/sub-081_task-MGT_run-02_events.tsv,ds001734,CC0-1.0,2026-06-08,082aa08861b2b421595865ad1c6962086848b12ab2e91e2ec8795d73fac75d03,data/raw/ds001734/sub-081_task-MGT_run-02_events.tsv
sub-081_task-MGT_run-03_events.tsv,https://s3.amazonaws.com/openneuro.org/ds001734/sub-081/func/sub-081_task-MGT_run-03_events.tsv,ds001734,CC0-1.0,2026-06-08,f5d879750008bc3cee1ebb0968867ed6045d2bd575f23bdffd51f1234ea0eacf,data/raw/ds001734/sub-081_task-MGT_run-03_events.tsv
sub-081_task-MGT_run-04_events.tsv,https://s3.amazonaws.com/openneuro.org/ds001734/sub-081/func/sub-081_task-MGT_run-04_events.tsv,ds001734,CC0-1.0,2026-06-08,4b87ed78b99ae59f5cb618356c3eae1ffdba19ce85c7747007020434339b72a2,data/raw/ds001734/sub-081_task-MGT_run-04_events.tsv
sub-082_task-MGT_run-01_events.tsv,https://s3.amazonaws.com/openneuro.org/ds001734/sub-082/func/sub-082_task-MGT_run-01_events.tsv,ds001734,CC0-1.0,2026-06-08,9c10e066cc90f44a26686746bfe53246aed4d9334de9a7dc7df9aac55cc52366,data/raw/ds001734/sub-082_task-MGT_run-01_events.tsv
sub-082_task-MGT_run-02_events.tsv,https://s3.amazonaws.com/openneuro.org/ds001734/sub-082/func/sub-082_task-MGT_run-02_events.tsv,ds001734,CC0-1.0,2026-06-08,435f002f52a27d1ca63d416b612eef3b75a391fd11540b9dff8bb1d8d42b72a4,data/raw/ds001734/sub-082_task-MGT_run-02_events.tsv
sub-082_task-MGT_run-03_events.tsv,https://s3.amazonaws.com/openneuro.org/ds001734/sub-082/func/sub-082_task-MGT_run-03_events.tsv,ds001734,CC0-1.0,2026-06-08,6ed753e4d7a5344756e80e4021897462d1a810c3e7f05fe6a492d4b88898c636,data/raw/ds001734/sub-082_task-MGT_run-03_events.tsv
sub-082_task-MGT_run-04_events.tsv,https://s3.amazonaws.com/openneuro.org/ds001734/sub-082/func/sub-082_task-MGT_run-04_events.tsv,ds001734,CC0-1.0,2026-06-08,7728dfa65f90ff06d78a46657dd35cb90f504fe908c72468e08ed699bc89ad1b,data/raw/ds001734/sub-082_task-MGT_run-04_events.tsv
sub-083_task-MGT_run-01_events.tsv,https://s3.amazonaws.com/openneuro.org/ds001734/sub-083/func/sub-083_task-MGT_run-01_events.tsv,ds001734,CC0-1.0,2026-06-08,650d56974f970a01c2e7f1eb0b3c4545accd98000d6e9040777321feb04df679,data/raw/ds001734/sub-083_task-MGT_run-01_events.tsv
sub-083_task-MGT_run-02_events.tsv,https://s3.amazonaws.com/openneuro.org/ds001734/sub-083/func/sub-083_task-MGT_run-02_events.tsv,ds001734,CC0-1.0,2026-06-08,c3bacac3670021bc29c85e47471edf4a7963492ed236bf64a9b3fe9b0286c0b2,data/raw/ds001734/sub-083_task-MGT_run-02_events.tsv
sub-083_task-MGT_run-03_events.tsv,https://s3.amazonaws.com/openneuro.org/ds001734/sub-083/func/sub-083_task-MGT_run-03_events.tsv,ds001734,CC0-1.0,2026-06-08,d6e6d732a574503c849f3f1f47f9696cfc3d7cab04ddef117e2f11d854b15988,data/raw/ds001734/sub-083_task-MGT_run-03_events.tsv
sub-083_task-MGT_run-04_events.tsv,https://s3.amazonaws.com/openneuro.org/ds001734/sub-083/func/sub-083_task-MGT_run-04_events.tsv,ds001734,CC0-1.0,2026-06-08,ebea4b4cedbe82400cbf17d0a8ee5bf00c8d63e124c39ff7712184c39ce53718,data/raw/ds001734/sub-083_task-MGT_run-04_events.tsv
sub-084_task-MGT_run-01_events.tsv,https://s3.amazonaws.com/openneuro.org/ds001734/sub-084/func/sub-084_task-MGT_run-01_events.tsv,ds001734,CC0-1.0,2026-06-08,a4c61f0290c33c9444a5462b0cb7aa59d1f87f6033e89f12ddeff8808eaf385a,data/raw/ds001734/sub-084_task-MGT_run-01_events.tsv
sub-084_task-MGT_run-02_events.tsv,https://s3.amazonaws.com/openneuro.org/ds001734/sub-084/func/sub-084_task-MGT_run-02_events.tsv,ds001734,CC0-1.0,2026-06-08,d33f54a87483e7d8ed937c09645c70c60227741e63d58918bf9bf50d0fa9f87e,data/raw/ds001734/sub-084_task-MGT_run-02_events.tsv
sub-084_task-MGT_run-03_events.tsv,https://s3.amazonaws.com/openneuro.org/ds001734/sub-084/func/sub-084_task-MGT_run-03_events.tsv,ds001734,CC0-1.0,2026-06-08,46577418b08c47ca43a241ba37f762d2c6706ec526029033ee9dea42887e27b0,data/raw/ds001734/sub-084_task-MGT_run-03_events.tsv
sub-084_task-MGT_run-04_events.tsv,https://s3.amazonaws.com/openneuro.org/ds001734/sub-084/func/sub-084_task-MGT_run-04_events.tsv,ds001734,CC0-1.0,2026-06-08,cc7246b0e1ef8e38f977cf6095157fb42bc7fed350305222bd43a02018aa1223,data/raw/ds001734/sub-084_task-MGT_run-04_events.tsv
sub-085_task-MGT_run-01_events.tsv,https://s3.amazonaws.com/openneuro.org/ds001734/sub-085/func/sub-085_task-MGT_run-01_events.tsv,ds001734,CC0-1.0,2026-06-08,fb7e38a041380d88f41d04df7eda2f9130bcfa08aa2fe9d7e974108151081cef,data/raw/ds001734/sub-085_task-MGT_run-01_events.tsv
sub-085_task-MGT_run-02_events.tsv,https://s3.amazonaws.com/openneuro.org/ds001734/sub-085/func/sub-085_task-MGT_run-02_events.tsv,ds001734,CC0-1.0,2026-06-08,6b7ab2adf34ba862c7b83ceb3b793c874a85b16e0290436d5d9ecdb494f0a542,data/raw/ds001734/sub-085_task-MGT_run-02_events.tsv
sub-085_task-MGT_run-03_events.tsv,https://s3.amazonaws.com/openneuro.org/ds001734/sub-085/func/sub-085_task-MGT_run-03_events.tsv,ds001734,CC0-1.0,2026-06-08,ddb3137204d52efd6a7d02da1eb96544b0512827afbea1df4d759ba012763b50,data/raw/ds001734/sub-085_task-MGT_run-03_events.tsv
sub-085_task-MGT_run-04_events.tsv,https://s3.amazonaws.com/openneuro.org/ds001734/sub-085/func/sub-085_task-MGT_run-04_events.tsv,ds001734,CC0-1.0,2026-06-08,44702035e35b3853216193252dc6870249f7f49564d3ee6f4ae54de324852726,data/raw/ds001734/sub-085_task-MGT_run-04_events.tsv
sub-087_task-MGT_run-01_events.tsv,https://s3.amazonaws.com/openneuro.org/ds001734/sub-087/func/sub-087_task-MGT_run-01_events.tsv,ds001734,CC0-1.0,2026-06-08,bc89c008bf8379ff6d69e42a590d4e4bec5bb4280cd735e21ad606148159bd0f,data/raw/ds001734/sub-087_task-MGT_run-01_events.tsv
sub-087_task-MGT_run-02_events.tsv,https://s3.amazonaws.com/openneuro.org/ds001734/sub-087/func/sub-087_task-MGT_run-02_events.tsv,ds001734,CC0-1.0,2026-06-08,2afe46a15a85686298f163a1d24f789ea0560758ad072a08caf2ad43ce319c26,data/raw/ds001734/sub-087_task-MGT_run-02_events.tsv
sub-087_task-MGT_run-03_events.tsv,https://s3.amazonaws.com/openneuro.org/ds001734/sub-087/func/sub-087_task-MGT_run-03_events.tsv,ds001734,CC0-1.0,2026-06-08,99fb96ca94292835ebff802b897e6ebc8c0ed54165aa187290974d39a8ce79e8,data/raw/ds001734/sub-087_task-MGT_run-03_events.tsv
sub-087_task-MGT_run-04_events.tsv,https://s3.amazonaws.com/openneuro.org/ds001734/sub-087/func/sub-087_task-MGT_run-04_events.tsv,ds001734,CC0-1.0,2026-06-08,c8db68c9e0f5a35aac8e9bfdf33b804b61a5f2312665419e29bb992186e22c25,data/raw/ds001734/sub-087_task-MGT_run-04_events.tsv
sub-088_task-MGT_run-01_events.tsv,https://s3.amazonaws.com/openneuro.org/ds001734/sub-088/func/sub-088_task-MGT_run-01_events.tsv,ds001734,CC0-1.0,2026-06-08,96785b62ef4a53f0593069589f80db25f5508c8dd6908b6f57e5ea151e25cb4c,data/raw/ds001734/sub-088_task-MGT_run-01_events.tsv
sub-088_task-MGT_run-02_events.tsv,https://s3.amazonaws.com/openneuro.org/ds001734/sub-088/func/sub-088_task-MGT_run-02_events.tsv,ds001734,CC0-1.0,2026-06-08,bef10df63936811a8e47084a94b0239718ae16e54391c96a464120361a1d9162,data/raw/ds001734/sub-088_task-MGT_run-02_events.tsv
sub-088_task-MGT_run-03_events.tsv,https://s3.amazonaws.com/openneuro.org/ds001734/sub-088/func/sub-088_task-MGT_run-03_events.tsv,ds001734,CC0-1.0,2026-06-08,bb0cfc26347e5d6eaabeb302a611b350e747025669c338437d1677bab5ac071c,data/raw/ds001734/sub-088_task-MGT_run-03_events.tsv
sub-088_task-MGT_run-04_events.tsv,https://s3.amazonaws.com/openneuro.org/ds001734/sub-088/func/sub-088_task-MGT_run-04_events.tsv,ds001734,CC0-1.0,2026-06-08,d753526a01ca0e033e9c29ab7d4a2d08593eeb286b7419f023e45160064a0031,data/raw/ds001734/sub-088_task-MGT_run-04_events.tsv
sub-089_task-MGT_run-01_events.tsv,https://s3.amazonaws.com/openneuro.org/ds001734/sub-089/func/sub-089_task-MGT_run-01_events.tsv,ds001734,CC0-1.0,2026-06-08,172ed0fc4d9a8582ffb8bda2b6afe495be98e79409937d1ea3289164581abf69,data/raw/ds001734/sub-089_task-MGT_run-01_events.tsv
sub-089_task-MGT_run-02_events.tsv,https://s3.amazonaws.com/openneuro.org/ds001734/sub-089/func/sub-089_task-MGT_run-02_events.tsv,ds001734,CC0-1.0,2026-06-08,767de79f62f1d55eaca5b7be38f744750662bc7452aa61a0b5041a65f424a969,data/raw/ds001734/sub-089_task-MGT_run-02_events.tsv
sub-089_task-MGT_run-03_events.tsv,https://s3.amazonaws.com/openneuro.org/ds001734/sub-089/func/sub-089_task-MGT_run-03_events.tsv,ds001734,CC0-1.0,2026-06-08,fb168a4b85877a4edbda5cdded5a9d9613fe7503b7bc22b4a4256f4c10d2c8bb,data/raw/ds001734/sub-089_task-MGT_run-03_events.tsv
sub-089_task-MGT_run-04_events.tsv,https://s3.amazonaws.com/openneuro.org/ds001734/sub-089/func/sub-089_task-MGT_run-04_events.tsv,ds001734,CC0-1.0,2026-06-08,420f4bfb4800fdceb64907c03e4c5b37c1c80218b146abdbef7d74258a1f1820,data/raw/ds001734/sub-089_task-MGT_run-04_events.tsv
sub-090_task-MGT_run-01_events.tsv,https://s3.amazonaws.com/openneuro.org/ds001734/sub-090/func/sub-090_task-MGT_run-01_events.tsv,ds001734,CC0-1.0,2026-06-08,96407c3b80b3e77b094d8cff0561155e48d38c3975c4ec7541e2ce1b95c9e4e1,data/raw/ds001734/sub-090_task-MGT_run-01_events.tsv
sub-090_task-MGT_run-02_events.tsv,https://s3.amazonaws.com/openneuro.org/ds001734/sub-090/func/sub-090_task-MGT_run-02_events.tsv,ds001734,CC0-1.0,2026-06-08,638a42dc41ab0e8b79cccdde6b55567f25fb7a52feb5f8e4a1372da70616b17b,data/raw/ds001734/sub-090_task-MGT_run-02_events.tsv
sub-090_task-MGT_run-03_events.tsv,https://s3.amazonaws.com/openneuro.org/ds001734/sub-090/func/sub-090_task-MGT_run-03_events.tsv,ds001734,CC0-1.0,2026-06-08,8d6e3e840b60b368f77dd7d4d52b4c5e45e7822bb4d81a81a877aa005ee0a664,data/raw/ds001734/sub-090_task-MGT_run-03_events.tsv
sub-090_task-MGT_run-04_events.tsv,https://s3.amazonaws.com/openneuro.org/ds001734/sub-090/func/sub-090_task-MGT_run-04_events.tsv,ds001734,CC0-1.0,2026-06-08,d01ec1ef4ed9f3ff32167b044c138df66094ff65fff3e596fe7aa4bf8f0b935e,data/raw/ds001734/sub-090_task-MGT_run-04_events.tsv
sub-092_task-MGT_run-01_events.tsv,https://s3.amazonaws.com/openneuro.org/ds001734/sub-092/func/sub-092_task-MGT_run-01_events.tsv,ds001734,CC0-1.0,2026-06-08,277ecb0996a7d94c898fcfe1cfb378147d68938c8fff8402376a65a8aaec5f45,data/raw/ds001734/sub-092_task-MGT_run-01_events.tsv
sub-092_task-MGT_run-02_events.tsv,https://s3.amazonaws.com/openneuro.org/ds001734/sub-092/func/sub-092_task-MGT_run-02_events.tsv,ds001734,CC0-1.0,2026-06-08,54e4d30f5b18ab3ee3ebbbc3e11959ae751846c0f503ba52c6ebff848d7a1aa2,data/raw/ds001734/sub-092_task-MGT_run-02_events.tsv
sub-092_task-MGT_run-03_events.tsv,https://s3.amazonaws.com/openneuro.org/ds001734/sub-092/func/sub-092_task-MGT_run-03_events.tsv,ds001734,CC0-1.0,2026-06-08,dc48c4d7eb267965350e39e144cdc556e58ccc2509ded7673c80cccd55055190,data/raw/ds001734/sub-092_task-MGT_run-03_events.tsv
sub-092_task-MGT_run-04_events.tsv,https://s3.amazonaws.com/openneuro.org/ds001734/sub-092/func/sub-092_task-MGT_run-04_events.tsv,ds001734,CC0-1.0,2026-06-08,334007d61e7b1eab87d9d703f23f2f8e955d7ef7e772488fe40b0dde7446799a,data/raw/ds001734/sub-092_task-MGT_run-04_events.tsv
sub-093_task-MGT_run-01_events.tsv,https://s3.amazonaws.com/openneuro.org/ds001734/sub-093/func/sub-093_task-MGT_run-01_events.tsv,ds001734,CC0-1.0,2026-06-08,3a576be22c83313736b046741bd4a0c9479e69f900f3f9dad07944deef65f764,data/raw/ds001734/sub-093_task-MGT_run-01_events.tsv
sub-093_task-MGT_run-02_events.tsv,https://s3.amazonaws.com/openneuro.org/ds001734/sub-093/func/sub-093_task-MGT_run-02_events.tsv,ds001734,CC0-1.0,2026-06-08,f778052a640cd9fd67e59748dcb5ace2712f3032ab86e96a4899c0164a050288,data/raw/ds001734/sub-093_task-MGT_run-02_events.tsv
sub-093_task-MGT_run-03_events.tsv,https://s3.amazonaws.com/openneuro.org/ds001734/sub-093/func/sub-093_task-MGT_run-03_events.tsv,ds001734,CC0-1.0,2026-06-08,36c2bd6a166f5bed8fa27e52bfca434d3f37890356d34ee4ce6d32b566952aa6,data/raw/ds001734/sub-093_task-MGT_run-03_events.tsv
sub-093_task-MGT_run-04_events.tsv,https://s3.amazonaws.com/openneuro.org/ds001734/sub-093/func/sub-093_task-MGT_run-04_events.tsv,ds001734,CC0-1.0,2026-06-08,f34c6424e5ad3637cb6fe75382ab044537914f567d1151fb4aa35251cc364df9,data/raw/ds001734/sub-093_task-MGT_run-04_events.tsv
sub-094_task-MGT_run-01_events.tsv,https://s3.amazonaws.com/openneuro.org/ds001734/sub-094/func/sub-094_task-MGT_run-01_events.tsv,ds001734,CC0-1.0,2026-06-08,ab4257cc7baf5229ad564607bf3c89873930589dad53a679a045d11276aa5d29,data/raw/ds001734/sub-094_task-MGT_run-01_events.tsv
sub-094_task-MGT_run-02_events.tsv,https://s3.amazonaws.com/openneuro.org/ds001734/sub-094/func/sub-094_task-MGT_run-02_events.tsv,ds001734,CC0-1.0,2026-06-08,2625443f110712622529e1e9081b7c4ba5cbcc6bab1761b9506f91a72230cd61,data/raw/ds001734/sub-094_task-MGT_run-02_events.tsv
sub-094_task-MGT_run-03_events.tsv,https://s3.amazonaws.com/openneuro.org/ds001734/sub-094/func/sub-094_task-MGT_run-03_events.tsv,ds001734,CC0-1.0,2026-06-08,5040c194c4ad17f71aeaeebcd75fbc1b3aee3eef3f7f0cf96d5f623435eab0b7,data/raw/ds001734/sub-094_task-MGT_run-03_events.tsv
sub-094_task-MGT_run-04_events.tsv,https://s3.amazonaws.com/openneuro.org/ds001734/sub-094/func/sub-094_task-MGT_run-04_events.tsv,ds001734,CC0-1.0,2026-06-08,96eb9160612f14e0a7779773d2d152c0a9dba9cc44da357067655d38817b0e33,data/raw/ds001734/sub-094_task-MGT_run-04_events.tsv
sub-095_task-MGT_run-01_events.tsv,https://s3.amazonaws.com/openneuro.org/ds001734/sub-095/func/sub-095_task-MGT_run-01_events.tsv,ds001734,CC0-1.0,2026-06-08,55c52150afbd2267ed94b3acf317622b6dde9ccaa725105993342ad695a015f7,data/raw/ds001734/sub-095_task-MGT_run-01_events.tsv
sub-095_task-MGT_run-02_events.tsv,https://s3.amazonaws.com/openneuro.org/ds001734/sub-095/func/sub-095_task-MGT_run-02_events.tsv,ds001734,CC0-1.0,2026-06-08,c038e90387b56e41ee9623165f88a9856edd944dca341bb84df78dad49343f93,data/raw/ds001734/sub-095_task-MGT_run-02_events.tsv
sub-095_task-MGT_run-03_events.tsv,https://s3.amazonaws.com/openneuro.org/ds001734/sub-095/func/sub-095_task-MGT_run-03_events.tsv,ds001734,CC0-1.0,2026-06-08,77f896d80ad1ade60afe8288d297eadb0745ca085549af93714bb04493e06b3b,data/raw/ds001734/sub-095_task-MGT_run-03_events.tsv
sub-095_task-MGT_run-04_events.tsv,https://s3.amazonaws.com/openneuro.org/ds001734/sub-095/func/sub-095_task-MGT_run-04_events.tsv,ds001734,CC0-1.0,2026-06-08,7dbcb9ebc0bdb77489d63cc779e26d8f74d6217b5946d30e2d3f16ffc4c7f54c,data/raw/ds001734/sub-095_task-MGT_run-04_events.tsv
sub-096_task-MGT_run-01_events.tsv,https://s3.amazonaws.com/openneuro.org/ds001734/sub-096/func/sub-096_task-MGT_run-01_events.tsv,ds001734,CC0-1.0,2026-06-08,96778652356a536f85567fa3b3f30337dbaf61d7a1d687e081f7172367869e01,data/raw/ds001734/sub-096_task-MGT_run-01_events.tsv
sub-096_task-MGT_run-02_events.tsv,https://s3.amazonaws.com/openneuro.org/ds001734/sub-096/func/sub-096_task-MGT_run-02_events.tsv,ds001734,CC0-1.0,2026-06-08,1e12551e1dbad99765093b3bcec344b16a260ce77908d6e32c85039b819c5305,data/raw/ds001734/sub-096_task-MGT_run-02_events.tsv
sub-096_task-MGT_run-03_events.tsv,https://s3.amazonaws.com/openneuro.org/ds001734/sub-096/func/sub-096_task-MGT_run-03_events.tsv,ds001734,CC0-1.0,2026-06-08,f3c2c6a78af256ac8b401954f0081a1430736e540f5232c91d83d855041fd27f,data/raw/ds001734/sub-096_task-MGT_run-03_events.tsv
sub-096_task-MGT_run-04_events.tsv,https://s3.amazonaws.com/openneuro.org/ds001734/sub-096/func/sub-096_task-MGT_run-04_events.tsv,ds001734,CC0-1.0,2026-06-08,1bf4e184e27cb84b261669fa8a8dee44b56bacbec29790c57147b4057a3f84c4,data/raw/ds001734/sub-096_task-MGT_run-04_events.tsv
sub-098_task-MGT_run-01_events.tsv,https://s3.amazonaws.com/openneuro.org/ds001734/sub-098/func/sub-098_task-MGT_run-01_events.tsv,ds001734,CC0-1.0,2026-06-08,1855ce046adec2d210d69fcd0e1a15dcc47d1a35c988badad8243ccaae041eb1,data/raw/ds001734/sub-098_task-MGT_run-01_events.tsv
sub-098_task-MGT_run-02_events.tsv,https://s3.amazonaws.com/openneuro.org/ds001734/sub-098/func/sub-098_task-MGT_run-02_events.tsv,ds001734,CC0-1.0,2026-06-08,93713cfad9cac90078e71c4f38b5bf4356ebcb53d677188f1b99076b8f42afd3,data/raw/ds001734/sub-098_task-MGT_run-02_events.tsv
sub-098_task-MGT_run-03_events.tsv,https://s3.amazonaws.com/openneuro.org/ds001734/sub-098/func/sub-098_task-MGT_run-03_events.tsv,ds001734,CC0-1.0,2026-06-08,2329898807345c34c68128116f65af1530dd2778be27b6ebc3d52bbf8bc82dd6,data/raw/ds001734/sub-098_task-MGT_run-03_events.tsv
sub-098_task-MGT_run-04_events.tsv,https://s3.amazonaws.com/openneuro.org/ds001734/sub-098/func/sub-098_task-MGT_run-04_events.tsv,ds001734,CC0-1.0,2026-06-08,84b7bdbba7d8ede11a16ab406a8cde29e98297f49fe2bf2699c10c414be71a78,data/raw/ds001734/sub-098_task-MGT_run-04_events.tsv
sub-099_task-MGT_run-01_events.tsv,https://s3.amazonaws.com/openneuro.org/ds001734/sub-099/func/sub-099_task-MGT_run-01_events.tsv,ds001734,CC0-1.0,2026-06-08,a1218233662843a2ec45a0aa52230e4ddf1a6b105d03f3f78ba144b4e15a2c08,data/raw/ds001734/sub-099_task-MGT_run-01_events.tsv
sub-099_task-MGT_run-02_events.tsv,https://s3.amazonaws.com/openneuro.org/ds001734/sub-099/func/sub-099_task-MGT_run-02_events.tsv,ds001734,CC0-1.0,2026-06-08,a895a6aaa4248b0956aea409a01fc38bf8597b4eaf23a5f65bfbeccb19fa7937,data/raw/ds001734/sub-099_task-MGT_run-02_events.tsv
sub-099_task-MGT_run-03_events.tsv,https://s3.amazonaws.com/openneuro.org/ds001734/sub-099/func/sub-099_task-MGT_run-03_events.tsv,ds001734,CC0-1.0,2026-06-08,86d78072c324f53ed781364ffc3221edd8eea64bdef01aeb173a13b23f3c10a9,data/raw/ds001734/sub-099_task-MGT_run-03_events.tsv
sub-099_task-MGT_run-04_events.tsv,https://s3.amazonaws.com/openneuro.org/ds001734/sub-099/func/sub-099_task-MGT_run-04_events.tsv,ds001734,CC0-1.0,2026-06-08,7b501e88bf02bb06355e539f7ab624f9ff84cc2b60c798eee49bc57445617c83,data/raw/ds001734/sub-099_task-MGT_run-04_events.tsv
sub-100_task-MGT_run-01_events.tsv,https://s3.amazonaws.com/openneuro.org/ds001734/sub-100/func/sub-100_task-MGT_run-01_events.tsv,ds001734,CC0-1.0,2026-06-08,43a290f4679012fa0680e75aad3c026c74aadf9fbc6aec71856294f70edd1526,data/raw/ds001734/sub-100_task-MGT_run-01_events.tsv
sub-100_task-MGT_run-02_events.tsv,https://s3.amazonaws.com/openneuro.org/ds001734/sub-100/func/sub-100_task-MGT_run-02_events.tsv,ds001734,CC0-1.0,2026-06-08,e85124e30406503221799fd6740274bb21aea79e60faf8a0eb5ea7ac8558e268,data/raw/ds001734/sub-100_task-MGT_run-02_events.tsv
sub-100_task-MGT_run-03_events.tsv,https://s3.amazonaws.com/openneuro.org/ds001734/sub-100/func/sub-100_task-MGT_run-03_events.tsv,ds001734,CC0-1.0,2026-06-08,621c6c0c31bacd9aabc5db12168d8ab13585f1515cb858e4686d5da060449f66,data/raw/ds001734/sub-100_task-MGT_run-03_events.tsv
sub-100_task-MGT_run-04_events.tsv,https://s3.amazonaws.com/openneuro.org/ds001734/sub-100/func/sub-100_task-MGT_run-04_events.tsv,ds001734,CC0-1.0,2026-06-08,6a632172febc6a7ff9ad9db728520b5b093853089cd1fd915c51683506bb6b99,data/raw/ds001734/sub-100_task-MGT_run-04_events.tsv
sub-102_task-MGT_run-01_events.tsv,https://s3.amazonaws.com/openneuro.org/ds001734/sub-102/func/sub-102_task-MGT_run-01_events.tsv,ds001734,CC0-1.0,2026-06-08,9172e3ecd127e1e551a836d14bf9598d8b4933aa4ab9fd679fed0be3f98638e4,data/raw/ds001734/sub-102_task-MGT_run-01_events.tsv
sub-102_task-MGT_run-02_events.tsv,https://s3.amazonaws.com/openneuro.org/ds001734/sub-102/func/sub-102_task-MGT_run-02_events.tsv,ds001734,CC0-1.0,2026-06-08,766387cc21cf495ca5965dc21caf071c343b86582011b1730aca98891879b104,data/raw/ds001734/sub-102_task-MGT_run-02_events.tsv
sub-102_task-MGT_run-03_events.tsv,https://s3.amazonaws.com/openneuro.org/ds001734/sub-102/func/sub-102_task-MGT_run-03_events.tsv,ds001734,CC0-1.0,2026-06-08,f501ca942f7077bffd4c49a8d2488d12b4738ed2ac4891ef72bbd8066600244d,data/raw/ds001734/sub-102_task-MGT_run-03_events.tsv
sub-102_task-MGT_run-04_events.tsv,https://s3.amazonaws.com/openneuro.org/ds001734/sub-102/func/sub-102_task-MGT_run-04_events.tsv,ds001734,CC0-1.0,2026-06-08,67d591c73042561831fa7909db209a364ab3127e6ace5d09f176469d14aac63b,data/raw/ds001734/sub-102_task-MGT_run-04_events.tsv
sub-103_task-MGT_run-01_events.tsv,https://s3.amazonaws.com/openneuro.org/ds001734/sub-103/func/sub-103_task-MGT_run-01_events.tsv,ds001734,CC0-1.0,2026-06-08,c91c5d82ce20e2da4c31df84f6f23da6b9223681b7c3869f9c0343ebf9193401,data/raw/ds001734/sub-103_task-MGT_run-01_events.tsv
sub-103_task-MGT_run-02_events.tsv,https://s3.amazonaws.com/openneuro.org/ds001734/sub-103/func/sub-103_task-MGT_run-02_events.tsv,ds001734,CC0-1.0,2026-06-08,074a0ee28269ad3aefc98d0b5b588109ad00421e8db42cb536b18b9361928f42,data/raw/ds001734/sub-103_task-MGT_run-02_events.tsv
sub-103_task-MGT_run-03_events.tsv,https://s3.amazonaws.com/openneuro.org/ds001734/sub-103/func/sub-103_task-MGT_run-03_events.tsv,ds001734,CC0-1.0,2026-06-08,63ffb5d309e1dbda5aa3c953fb91085c094f1ab91b08348c34621541b8c7001e,data/raw/ds001734/sub-103_task-MGT_run-03_events.tsv
sub-103_task-MGT_run-04_events.tsv,https://s3.amazonaws.com/openneuro.org/ds001734/sub-103/func/sub-103_task-MGT_run-04_events.tsv,ds001734,CC0-1.0,2026-06-08,ca451dda94056a1d559bc970680ca02a69a891e860065993eb92481ad5e98ae3,data/raw/ds001734/sub-103_task-MGT_run-04_events.tsv
sub-104_task-MGT_run-01_events.tsv,https://s3.amazonaws.com/openneuro.org/ds001734/sub-104/func/sub-104_task-MGT_run-01_events.tsv,ds001734,CC0-1.0,2026-06-08,db4c19985210c5f473cd23f6d5f4d61c5154d326c14db97af3a07cd889ddb986,data/raw/ds001734/sub-104_task-MGT_run-01_events.tsv
sub-104_task-MGT_run-02_events.tsv,https://s3.amazonaws.com/openneuro.org/ds001734/sub-104/func/sub-104_task-MGT_run-02_events.tsv,ds001734,CC0-1.0,2026-06-08,dba31d3edcd9f02587220d3f1a499a5ba06dd83332f7b1901888b2b442e875d0,data/raw/ds001734/sub-104_task-MGT_run-02_events.tsv
sub-104_task-MGT_run-03_events.tsv,https://s3.amazonaws.com/openneuro.org/ds001734/sub-104/func/sub-104_task-MGT_run-03_events.tsv,ds001734,CC0-1.0,2026-06-08,85cc6bea7f994fc6d475e9a04f0e3fd1df07e09a94548cf464dba9f970a4ac51,data/raw/ds001734/sub-104_task-MGT_run-03_events.tsv
sub-104_task-MGT_run-04_events.tsv,https://s3.amazonaws.com/openneuro.org/ds001734/sub-104/func/sub-104_task-MGT_run-04_events.tsv,ds001734,CC0-1.0,2026-06-08,a8f458cb6856a19c6e47cd33ab3a547a1b53a9a027bd5ff5f43f892cde6398e9,data/raw/ds001734/sub-104_task-MGT_run-04_events.tsv
sub-105_task-MGT_run-01_events.tsv,https://s3.amazonaws.com/openneuro.org/ds001734/sub-105/func/sub-105_task-MGT_run-01_events.tsv,ds001734,CC0-1.0,2026-06-08,8d611fc18ecf368d4a54ace4e6270a6ccd436fe4c95fa1dc10e96fa2b4114e80,data/raw/ds001734/sub-105_task-MGT_run-01_events.tsv
sub-105_task-MGT_run-02_events.tsv,https://s3.amazonaws.com/openneuro.org/ds001734/sub-105/func/sub-105_task-MGT_run-02_events.tsv,ds001734,CC0-1.0,2026-06-08,7d2bfe03ef5f003e27639cad725d66e10dd96556065ca8333b6dc4c6d7d61f4f,data/raw/ds001734/sub-105_task-MGT_run-02_events.tsv
sub-105_task-MGT_run-03_events.tsv,https://s3.amazonaws.com/openneuro.org/ds001734/sub-105/func/sub-105_task-MGT_run-03_events.tsv,ds001734,CC0-1.0,2026-06-08,ee5c115a9c164f8f880e9715182527d2bf8cd568f1904d861f64768d7d0a72d7,data/raw/ds001734/sub-105_task-MGT_run-03_events.tsv
sub-105_task-MGT_run-04_events.tsv,https://s3.amazonaws.com/openneuro.org/ds001734/sub-105/func/sub-105_task-MGT_run-04_events.tsv,ds001734,CC0-1.0,2026-06-08,caabe2fa4fc15d189771b67fd0bb021fbeb7c8eb74391fc4d9148efaa5bf56e2,data/raw/ds001734/sub-105_task-MGT_run-04_events.tsv
sub-106_task-MGT_run-01_events.tsv,https://s3.amazonaws.com/openneuro.org/ds001734/sub-106/func/sub-106_task-MGT_run-01_events.tsv,ds001734,CC0-1.0,2026-06-08,3d173edf78158c121cc42cf0a468f613735f1d2605df7a819815717a46af575a,data/raw/ds001734/sub-106_task-MGT_run-01_events.tsv
sub-106_task-MGT_run-02_events.tsv,https://s3.amazonaws.com/openneuro.org/ds001734/sub-106/func/sub-106_task-MGT_run-02_events.tsv,ds001734,CC0-1.0,2026-06-08,26ce700124dfc59c9127f1838585726d0be00b0251c0af4b14f2090a057309a7,data/raw/ds001734/sub-106_task-MGT_run-02_events.tsv
sub-106_task-MGT_run-03_events.tsv,https://s3.amazonaws.com/openneuro.org/ds001734/sub-106/func/sub-106_task-MGT_run-03_events.tsv,ds001734,CC0-1.0,2026-06-08,84ece1964a4c5400f6bf9fcf2434ca29e9563f18bfaa2a4aeb8bce987e22f420,data/raw/ds001734/sub-106_task-MGT_run-03_events.tsv
sub-106_task-MGT_run-04_events.tsv,https://s3.amazonaws.com/openneuro.org/ds001734/sub-106/func/sub-106_task-MGT_run-04_events.tsv,ds001734,CC0-1.0,2026-06-08,cebb4d7e8f4cc37be353fc9a6372f30a77625b3a726bc05a9db61ce263002dc7,data/raw/ds001734/sub-106_task-MGT_run-04_events.tsv
sub-107_task-MGT_run-01_events.tsv,https://s3.amazonaws.com/openneuro.org/ds001734/sub-107/func/sub-107_task-MGT_run-01_events.tsv,ds001734,CC0-1.0,2026-06-08,d03edcd7ff91feffa484797d050b487127e58f224f97977ee76d485d8ec87635,data/raw/ds001734/sub-107_task-MGT_run-01_events.tsv
sub-107_task-MGT_run-02_events.tsv,https://s3.amazonaws.com/openneuro.org/ds001734/sub-107/func/sub-107_task-MGT_run-02_events.tsv,ds001734,CC0-1.0,2026-06-08,da4e7ceb3cf0278a3280a28dc8dc5330ce3a5d3d245762867911ae82770eb2a9,data/raw/ds001734/sub-107_task-MGT_run-02_events.tsv
sub-107_task-MGT_run-03_events.tsv,https://s3.amazonaws.com/openneuro.org/ds001734/sub-107/func/sub-107_task-MGT_run-03_events.tsv,ds001734,CC0-1.0,2026-06-08,6edfc75e06ae2bd6434532f7b2838150175fd96d102835d85fa32bb943639c71,data/raw/ds001734/sub-107_task-MGT_run-03_events.tsv
sub-107_task-MGT_run-04_events.tsv,https://s3.amazonaws.com/openneuro.org/ds001734/sub-107/func/sub-107_task-MGT_run-04_events.tsv,ds001734,CC0-1.0,2026-06-08,f9115098e371abc1263810cf3cbcb64a9f8372280af81a3183843056ab48784c,data/raw/ds001734/sub-107_task-MGT_run-04_events.tsv
sub-108_task-MGT_run-01_events.tsv,https://s3.amazonaws.com/openneuro.org/ds001734/sub-108/func/sub-108_task-MGT_run-01_events.tsv,ds001734,CC0-1.0,2026-06-08,566166a2cd1f285e9c251f9a3c19f55fa7bde63181d50d686546b201b1719c32,data/raw/ds001734/sub-108_task-MGT_run-01_events.tsv
sub-108_task-MGT_run-02_events.tsv,https://s3.amazonaws.com/openneuro.org/ds001734/sub-108/func/sub-108_task-MGT_run-02_events.tsv,ds001734,CC0-1.0,2026-06-08,70ef0fe7e454bb755b205acd9066ec27d88db2a0d19fd79d1870e7457a2f2765,data/raw/ds001734/sub-108_task-MGT_run-02_events.tsv
sub-108_task-MGT_run-03_events.tsv,https://s3.amazonaws.com/openneuro.org/ds001734/sub-108/func/sub-108_task-MGT_run-03_events.tsv,ds001734,CC0-1.0,2026-06-08,48ff3a6265774485900703c55bd837918dacc894cd0e1cc573946f61bcab617e,data/raw/ds001734/sub-108_task-MGT_run-03_events.tsv
sub-108_task-MGT_run-04_events.tsv,https://s3.amazonaws.com/openneuro.org/ds001734/sub-108/func/sub-108_task-MGT_run-04_events.tsv,ds001734,CC0-1.0,2026-06-08,9b474bb0a0cfc86937859adbef1e6ce11d5c0ab63facced1b69d12d6c2680e4c,data/raw/ds001734/sub-108_task-MGT_run-04_events.tsv
sub-109_task-MGT_run-01_events.tsv,https://s3.amazonaws.com/openneuro.org/ds001734/sub-109/func/sub-109_task-MGT_run-01_events.tsv,ds001734,CC0-1.0,2026-06-08,6e3bcb54407d019c80fc14161ac8b78d199f03dc72a88c0b550d8088ae603380,data/raw/ds001734/sub-109_task-MGT_run-01_events.tsv
sub-109_task-MGT_run-02_events.tsv,https://s3.amazonaws.com/openneuro.org/ds001734/sub-109/func/sub-109_task-MGT_run-02_events.tsv,ds001734,CC0-1.0,2026-06-08,a901d83593dc971d6cd745011c12c256c3d76a7374759a0f322a35744efa51fb,data/raw/ds001734/sub-109_task-MGT_run-02_events.tsv
sub-109_task-MGT_run-03_events.tsv,https://s3.amazonaws.com/openneuro.org/ds001734/sub-109/func/sub-109_task-MGT_run-03_events.tsv,ds001734,CC0-1.0,2026-06-08,d9934a104c31a661ecb06551529637e2319fd631c7678636c38fbb9bde9e6dc8,data/raw/ds001734/sub-109_task-MGT_run-03_events.tsv
sub-109_task-MGT_run-04_events.tsv,https://s3.amazonaws.com/openneuro.org/ds001734/sub-109/func/sub-109_task-MGT_run-04_events.tsv,ds001734,CC0-1.0,2026-06-08,0a3f9779f276da53bfa1679721e87da978c614e9af62111c1473450b3a863511,data/raw/ds001734/sub-109_task-MGT_run-04_events.tsv
sub-110_task-MGT_run-01_events.tsv,https://s3.amazonaws.com/openneuro.org/ds001734/sub-110/func/sub-110_task-MGT_run-01_events.tsv,ds001734,CC0-1.0,2026-06-08,cffebbd3dd508edf0c668930503415899bf5e42ae233862d3cb504c84f5ca9a5,data/raw/ds001734/sub-110_task-MGT_run-01_events.tsv
sub-110_task-MGT_run-02_events.tsv,https://s3.amazonaws.com/openneuro.org/ds001734/sub-110/func/sub-110_task-MGT_run-02_events.tsv,ds001734,CC0-1.0,2026-06-08,11d073f702e128e4919bdb180f2f4e916f10fe9ceb317e4629d4433e21554a19,data/raw/ds001734/sub-110_task-MGT_run-02_events.tsv
sub-110_task-MGT_run-03_events.tsv,https://s3.amazonaws.com/openneuro.org/ds001734/sub-110/func/sub-110_task-MGT_run-03_events.tsv,ds001734,CC0-1.0,2026-06-08,db4b2d1dfebf6f142ec0081d60eb2deae9ea4966b7c73373bc44ce28c3a8c88c,data/raw/ds001734/sub-110_task-MGT_run-03_events.tsv
sub-110_task-MGT_run-04_events.tsv,https://s3.amazonaws.com/openneuro.org/ds001734/sub-110/func/sub-110_task-MGT_run-04_events.tsv,ds001734,CC0-1.0,2026-06-08,ba2bed04491036abfb1be11346287e1cc477f8509beb4ea469c1d69b97bae230,data/raw/ds001734/sub-110_task-MGT_run-04_events.tsv
sub-112_task-MGT_run-01_events.tsv,https://s3.amazonaws.com/openneuro.org/ds001734/sub-112/func/sub-112_task-MGT_run-01_events.tsv,ds001734,CC0-1.0,2026-06-08,caa418230b6e73c5556574ecb038e1cafabedc6b1a45553079e7885dffd1137d,data/raw/ds001734/sub-112_task-MGT_run-01_events.tsv
sub-112_task-MGT_run-02_events.tsv,https://s3.amazonaws.com/openneuro.org/ds001734/sub-112/func/sub-112_task-MGT_run-02_events.tsv,ds001734,CC0-1.0,2026-06-08,d31c0cd86e1f7eeec5c0258288606bd7252b41d73f2fc071ecff8862d05745fb,data/raw/ds001734/sub-112_task-MGT_run-02_events.tsv
sub-112_task-MGT_run-03_events.tsv,https://s3.amazonaws.com/openneuro.org/ds001734/sub-112/func/sub-112_task-MGT_run-03_events.tsv,ds001734,CC0-1.0,2026-06-08,0a35845353f8504c50d01f4c8ee24d425c6881e3306427c2766472e1fb3d90cb,data/raw/ds001734/sub-112_task-MGT_run-03_events.tsv
sub-112_task-MGT_run-04_events.tsv,https://s3.amazonaws.com/openneuro.org/ds001734/sub-112/func/sub-112_task-MGT_run-04_events.tsv,ds001734,CC0-1.0,2026-06-08,b200ba6505bb0a7fcce048424f0f917033a18a3af3f613519f9ca829ad8193c7,data/raw/ds001734/sub-112_task-MGT_run-04_events.tsv
sub-113_task-MGT_run-01_events.tsv,https://s3.amazonaws.com/openneuro.org/ds001734/sub-113/func/sub-113_task-MGT_run-01_events.tsv,ds001734,CC0-1.0,2026-06-08,cd1e0758e9a1391bc726ed2bf78813f8aa9c34216b56639faa1928aac46f090c,data/raw/ds001734/sub-113_task-MGT_run-01_events.tsv
sub-113_task-MGT_run-02_events.tsv,https://s3.amazonaws.com/openneuro.org/ds001734/sub-113/func/sub-113_task-MGT_run-02_events.tsv,ds001734,CC0-1.0,2026-06-08,6dbd8c3784a5177d9da6d46f26333d221026d3fc24335188e4e9c8ba0e31ee69,data/raw/ds001734/sub-113_task-MGT_run-02_events.tsv
sub-113_task-MGT_run-03_events.tsv,https://s3.amazonaws.com/openneuro.org/ds001734/sub-113/func/sub-113_task-MGT_run-03_events.tsv,ds001734,CC0-1.0,2026-06-08,4ec1047c93fdbae6692a85fdccc78cf7d700844b75aaf913c9c89d6b4dc47cb8,data/raw/ds001734/sub-113_task-MGT_run-03_events.tsv
sub-113_task-MGT_run-04_events.tsv,https://s3.amazonaws.com/openneuro.org/ds001734/sub-113/func/sub-113_task-MGT_run-04_events.tsv,ds001734,CC0-1.0,2026-06-08,d5d6c8ea3cbd73e541d447866aee2932cb1e09a2d35becc4a0e286f1b5fad6a6,data/raw/ds001734/sub-113_task-MGT_run-04_events.tsv
sub-114_task-MGT_run-01_events.tsv,https://s3.amazonaws.com/openneuro.org/ds001734/sub-114/func/sub-114_task-MGT_run-01_events.tsv,ds001734,CC0-1.0,2026-06-08,b89ed65bef9605f7dcacef0c64aaadfe12b729badd6ccd677e786efc5f61b2a3,data/raw/ds001734/sub-114_task-MGT_run-01_events.tsv
sub-114_task-MGT_run-02_events.tsv,https://s3.amazonaws.com/openneuro.org/ds001734/sub-114/func/sub-114_task-MGT_run-02_events.tsv,ds001734,CC0-1.0,2026-06-08,be4b6e64c77a9fce88bcb9921b0fbf30b6cf534978d723d855c7c7a55aeecc48,data/raw/ds001734/sub-114_task-MGT_run-02_events.tsv
sub-114_task-MGT_run-03_events.tsv,https://s3.amazonaws.com/openneuro.org/ds001734/sub-114/func/sub-114_task-MGT_run-03_events.tsv,ds001734,CC0-1.0,2026-06-08,0dbf72cd9e5d542f7b2ac0cf178d08d64e7e6cfdf17d8d4554467971ae4b7d1a,data/raw/ds001734/sub-114_task-MGT_run-03_events.tsv
sub-114_task-MGT_run-04_events.tsv,https://s3.amazonaws.com/openneuro.org/ds001734/sub-114/func/sub-114_task-MGT_run-04_events.tsv,ds001734,CC0-1.0,2026-06-08,db7d1a5088c944075853e54d5b26bc94c7a2168ff7c287185e210619d4a92fd5,data/raw/ds001734/sub-114_task-MGT_run-04_events.tsv
sub-115_task-MGT_run-01_events.tsv,https://s3.amazonaws.com/openneuro.org/ds001734/sub-115/func/sub-115_task-MGT_run-01_events.tsv,ds001734,CC0-1.0,2026-06-08,9c5d44ea96691d37c808287f9d0fd7aa14ab8f357d99ad9bef9028c69362c1c2,data/raw/ds001734/sub-115_task-MGT_run-01_events.tsv
sub-115_task-MGT_run-02_events.tsv,https://s3.amazonaws.com/openneuro.org/ds001734/sub-115/func/sub-115_task-MGT_run-02_events.tsv,ds001734,CC0-1.0,2026-06-08,8ce660274698e46037f49509dc342d7c8d0952bbacdbeaae2b279da85e974610,data/raw/ds001734/sub-115_task-MGT_run-02_events.tsv
sub-115_task-MGT_run-03_events.tsv,https://s3.amazonaws.com/openneuro.org/ds001734/sub-115/func/sub-115_task-MGT_run-03_events.tsv,ds001734,CC0-1.0,2026-06-08,5531f0935ff277220487252e06ac133ba936187ca12bfbaa037c7dddf040e64a,data/raw/ds001734/sub-115_task-MGT_run-03_events.tsv
sub-115_task-MGT_run-04_events.tsv,https://s3.amazonaws.com/openneuro.org/ds001734/sub-115/func/sub-115_task-MGT_run-04_events.tsv,ds001734,CC0-1.0,2026-06-08,2a2fee25edff21569297608abe677a5b9dcaec86fda2e69c9ce5c1330bf75f79,data/raw/ds001734/sub-115_task-MGT_run-04_events.tsv
sub-116_task-MGT_run-01_events.tsv,https://s3.amazonaws.com/openneuro.org/ds001734/sub-116/func/sub-116_task-MGT_run-01_events.tsv,ds001734,CC0-1.0,2026-06-08,1cff64ffccfa4f02066b9903f662b3d69e5517faf795cca6825001a84be53d55,data/raw/ds001734/sub-116_task-MGT_run-01_events.tsv
sub-116_task-MGT_run-02_events.tsv,https://s3.amazonaws.com/openneuro.org/ds001734/sub-116/func/sub-116_task-MGT_run-02_events.tsv,ds001734,CC0-1.0,2026-06-08,31adea9061d89268d4eaaab3a6872a73022ca6a95d3486e9b74aa5d064ae1ba2,data/raw/ds001734/sub-116_task-MGT_run-02_events.tsv
sub-116_task-MGT_run-03_events.tsv,https://s3.amazonaws.com/openneuro.org/ds001734/sub-116/func/sub-116_task-MGT_run-03_events.tsv,ds001734,CC0-1.0,2026-06-08,19849d17c65be8055964320649bec55cb75948cd0dd663f8067305d10a50c898,data/raw/ds001734/sub-116_task-MGT_run-03_events.tsv
sub-116_task-MGT_run-04_events.tsv,https://s3.amazonaws.com/openneuro.org/ds001734/sub-116/func/sub-116_task-MGT_run-04_events.tsv,ds001734,CC0-1.0,2026-06-08,5a869bfe65d878954d1acd1d9d639275289fac1a15a22e621d7de6cee5b668f5,data/raw/ds001734/sub-116_task-MGT_run-04_events.tsv
sub-117_task-MGT_run-01_events.tsv,https://s3.amazonaws.com/openneuro.org/ds001734/sub-117/func/sub-117_task-MGT_run-01_events.tsv,ds001734,CC0-1.0,2026-06-08,4b10a2915ad7f3e3d6d3239bd42af6f68434222c98b0452807f227d2910bce98,data/raw/ds001734/sub-117_task-MGT_run-01_events.tsv
sub-117_task-MGT_run-02_events.tsv,https://s3.amazonaws.com/openneuro.org/ds001734/sub-117/func/sub-117_task-MGT_run-02_events.tsv,ds001734,CC0-1.0,2026-06-08,4d1f0b742266c6918843c9c2b526b45570c78d16cda9660d2b79ec711927baa3,data/raw/ds001734/sub-117_task-MGT_run-02_events.tsv
sub-117_task-MGT_run-03_events.tsv,https://s3.amazonaws.com/openneuro.org/ds001734/sub-117/func/sub-117_task-MGT_run-03_events.tsv,ds001734,CC0-1.0,2026-06-08,7574ffd75d8e3283fd274b68fb932acccef828bc8fb54a79e34b9f9747298ac8,data/raw/ds001734/sub-117_task-MGT_run-03_events.tsv
sub-117_task-MGT_run-04_events.tsv,https://s3.amazonaws.com/openneuro.org/ds001734/sub-117/func/sub-117_task-MGT_run-04_events.tsv,ds001734,CC0-1.0,2026-06-08,b27b6726626b469ebdee4e94fd0064838768eedf0f9458ed9187d48aaf8212e1,data/raw/ds001734/sub-117_task-MGT_run-04_events.tsv
sub-118_task-MGT_run-01_events.tsv,https://s3.amazonaws.com/openneuro.org/ds001734/sub-118/func/sub-118_task-MGT_run-01_events.tsv,ds001734,CC0-1.0,2026-06-08,0e8a1776a29a4a3d5dcc2e7ca644e93d9d0a6a14fe769ef0af93e6642ecf9e59,data/raw/ds001734/sub-118_task-MGT_run-01_events.tsv
sub-118_task-MGT_run-02_events.tsv,https://s3.amazonaws.com/openneuro.org/ds001734/sub-118/func/sub-118_task-MGT_run-02_events.tsv,ds001734,CC0-1.0,2026-06-08,d2f803e58eddba9216efddaeda860a471598c47a62e733e21e239a2a23b62977,data/raw/ds001734/sub-118_task-MGT_run-02_events.tsv
sub-118_task-MGT_run-03_events.tsv,https://s3.amazonaws.com/openneuro.org/ds001734/sub-118/func/sub-118_task-MGT_run-03_events.tsv,ds001734,CC0-1.0,2026-06-08,d6eeaa3d125a59d4e8152c0e5fa0514763d4969f257ffbfc78bed3578a28f62a,data/raw/ds001734/sub-118_task-MGT_run-03_events.tsv
sub-118_task-MGT_run-04_events.tsv,https://s3.amazonaws.com/openneuro.org/ds001734/sub-118/func/sub-118_task-MGT_run-04_events.tsv,ds001734,CC0-1.0,2026-06-08,da2e68ada4cc80c15d3bb31d6c2c9ae2e04bddb94748bdbae4183ab3b82039bc,data/raw/ds001734/sub-118_task-MGT_run-04_events.tsv
sub-119_task-MGT_run-01_events.tsv,https://s3.amazonaws.com/openneuro.org/ds001734/sub-119/func/sub-119_task-MGT_run-01_events.tsv,ds001734,CC0-1.0,2026-06-08,bcd61de18b7c640678bc6f5149fc9a11190f9a4c89d2c8a3d5b993851c23d846,data/raw/ds001734/sub-119_task-MGT_run-01_events.tsv
sub-119_task-MGT_run-02_events.tsv,https://s3.amazonaws.com/openneuro.org/ds001734/sub-119/func/sub-119_task-MGT_run-02_events.tsv,ds001734,CC0-1.0,2026-06-08,77f91e5b9db9f5adc5fd50ee341cb81238dbba9aa17d361ed3ee6ffd2d58f331,data/raw/ds001734/sub-119_task-MGT_run-02_events.tsv
sub-119_task-MGT_run-03_events.tsv,https://s3.amazonaws.com/openneuro.org/ds001734/sub-119/func/sub-119_task-MGT_run-03_events.tsv,ds001734,CC0-1.0,2026-06-08,df971c855308d5a48a335c88bbed64feb123433348fb418f21c122fa6a9e1cc2,data/raw/ds001734/sub-119_task-MGT_run-03_events.tsv
sub-119_task-MGT_run-04_events.tsv,https://s3.amazonaws.com/openneuro.org/ds001734/sub-119/func/sub-119_task-MGT_run-04_events.tsv,ds001734,CC0-1.0,2026-06-08,5a85aa8c976f13c8e85d99252cb6c8a75ec1df3811d335d0bc5120bfecd30b8b,data/raw/ds001734/sub-119_task-MGT_run-04_events.tsv
sub-120_task-MGT_run-01_events.tsv,https://s3.amazonaws.com/openneuro.org/ds001734/sub-120/func/sub-120_task-MGT_run-01_events.tsv,ds001734,CC0-1.0,2026-06-08,8415c15c21b941841b37ebdc2a3511ddbb52de5571c2ad4d4960bea3e669a393,data/raw/ds001734/sub-120_task-MGT_run-01_events.tsv
sub-120_task-MGT_run-02_events.tsv,https://s3.amazonaws.com/openneuro.org/ds001734/sub-120/func/sub-120_task-MGT_run-02_events.tsv,ds001734,CC0-1.0,2026-06-08,4b8b3bb24f65c47d2ee88cab73ee563c9ab8b2bab7682cfb3f1532febcda75f1,data/raw/ds001734/sub-120_task-MGT_run-02_events.tsv
sub-120_task-MGT_run-03_events.tsv,https://s3.amazonaws.com/openneuro.org/ds001734/sub-120/func/sub-120_task-MGT_run-03_events.tsv,ds001734,CC0-1.0,2026-06-08,73a8fae04009c0a83e74f9e50c212601cc2cecac85617d3608a86c2dcd85b154,data/raw/ds001734/sub-120_task-MGT_run-03_events.tsv
sub-120_task-MGT_run-04_events.tsv,https://s3.amazonaws.com/openneuro.org/ds001734/sub-120/func/sub-120_task-MGT_run-04_events.tsv,ds001734,CC0-1.0,2026-06-08,0ea6766380b51c5ddd746b11583c5942140e5bf215bd0d8bbb714855b74986ef,data/raw/ds001734/sub-120_task-MGT_run-04_events.tsv
sub-121_task-MGT_run-01_events.tsv,https://s3.amazonaws.com/openneuro.org/ds001734/sub-121/func/sub-121_task-MGT_run-01_events.tsv,ds001734,CC0-1.0,2026-06-08,7748f29ff4bd633e9d109f38ba1096393ed250ea822c1228f590149a084de236,data/raw/ds001734/sub-121_task-MGT_run-01_events.tsv
sub-121_task-MGT_run-02_events.tsv,https://s3.amazonaws.com/openneuro.org/ds001734/sub-121/func/sub-121_task-MGT_run-02_events.tsv,ds001734,CC0-1.0,2026-06-08,7d9dd6d34476afd36ec62db10ea49be14a2dff1804dcfdde907e90b97e0b2ada,data/raw/ds001734/sub-121_task-MGT_run-02_events.tsv
sub-121_task-MGT_run-03_events.tsv,https://s3.amazonaws.com/openneuro.org/ds001734/sub-121/func/sub-121_task-MGT_run-03_events.tsv,ds001734,CC0-1.0,2026-06-08,7b4b6af571432b386fce8d6a2772c83bb9a8dd22a2b1d0abc16194c589665b23,data/raw/ds001734/sub-121_task-MGT_run-03_events.tsv
sub-121_task-MGT_run-04_events.tsv,https://s3.amazonaws.com/openneuro.org/ds001734/sub-121/func/sub-121_task-MGT_run-04_events.tsv,ds001734,CC0-1.0,2026-06-08,d65ae5baaa730098e5356b0881b407399d2b36e82d901d531efd1cffb14ef830,data/raw/ds001734/sub-121_task-MGT_run-04_events.tsv
sub-123_task-MGT_run-01_events.tsv,https://s3.amazonaws.com/openneuro.org/ds001734/sub-123/func/sub-123_task-MGT_run-01_events.tsv,ds001734,CC0-1.0,2026-06-08,4d93308077605f75d1e9a6a4be5ba02d1401237b53dc42356f85d92a1e4ca176,data/raw/ds001734/sub-123_task-MGT_run-01_events.tsv
sub-123_task-MGT_run-02_events.tsv,https://s3.amazonaws.com/openneuro.org/ds001734/sub-123/func/sub-123_task-MGT_run-02_events.tsv,ds001734,CC0-1.0,2026-06-08,5037684fe3afc42dec566c5a16df0642793e9a4c68e24c55d96f58e8fb44ba06,data/raw/ds001734/sub-123_task-MGT_run-02_events.tsv
sub-123_task-MGT_run-03_events.tsv,https://s3.amazonaws.com/openneuro.org/ds001734/sub-123/func/sub-123_task-MGT_run-03_events.tsv,ds001734,CC0-1.0,2026-06-08,7295d1d8471d66eb13b348f776debd9f13c7d5958db7b71340d38d180da80aeb,data/raw/ds001734/sub-123_task-MGT_run-03_events.tsv
sub-123_task-MGT_run-04_events.tsv,https://s3.amazonaws.com/openneuro.org/ds001734/sub-123/func/sub-123_task-MGT_run-04_events.tsv,ds001734,CC0-1.0,2026-06-08,6b507d3cfdb13ccb04bff6934aab6981f5485fd9da74245e2ae1ef5a8b0a90bd,data/raw/ds001734/sub-123_task-MGT_run-04_events.tsv
sub-124_task-MGT_run-01_events.tsv,https://s3.amazonaws.com/openneuro.org/ds001734/sub-124/func/sub-124_task-MGT_run-01_events.tsv,ds001734,CC0-1.0,2026-06-08,9cfc269db78c8d403ee487cc96f853264f281a9ed4ec92ce752487872fe1b8f9,data/raw/ds001734/sub-124_task-MGT_run-01_events.tsv
sub-124_task-MGT_run-02_events.tsv,https://s3.amazonaws.com/openneuro.org/ds001734/sub-124/func/sub-124_task-MGT_run-02_events.tsv,ds001734,CC0-1.0,2026-06-08,2a11d3e5c9a20c3d5b25b6d050b7d03b4f2a80701b4bb8e4b8736a412ee4127b,data/raw/ds001734/sub-124_task-MGT_run-02_events.tsv
sub-124_task-MGT_run-03_events.tsv,https://s3.amazonaws.com/openneuro.org/ds001734/sub-124/func/sub-124_task-MGT_run-03_events.tsv,ds001734,CC0-1.0,2026-06-08,e5169ac94a9a476d49c8b428e698d6a69f69ab7bbc75388ff654e902c2b75568,data/raw/ds001734/sub-124_task-MGT_run-03_events.tsv
sub-124_task-MGT_run-04_events.tsv,https://s3.amazonaws.com/openneuro.org/ds001734/sub-124/func/sub-124_task-MGT_run-04_events.tsv,ds001734,CC0-1.0,2026-06-08,71340738a918ab3e083f1746e017ea78d0d13deaf69d09abb284cab237ac1120,data/raw/ds001734/sub-124_task-MGT_run-04_events.tsv
